转债代码,低点日期,反弹日期,时长,击穿次数,最大收益
110048.SH,2021-10-14 10:00:00,2021-10-19 14:45:00,5 days 04:45:00,6,14.965907104143605
110048.SH,2021-10-22 15:00:00,2021-10-25 09:45:00,2 days 18:45:00,2,2.9363870357724364
110048.SH,2021-10-29 10:00:00,2021-10-29 10:15:00,0 days 00:15:00,2,4.845565315953526
110048.SH,2021-11-03 09:45:00,2021-11-03 10:15:00,0 days 00:30:00,2,4.106031652702247
110048.SH,2021-11-08 14:45:00,2021-11-09 09:45:00,0 days 19:00:00,2,7.070119290078569
110048.SH,2021-11-10 13:45:00,2021-11-10 14:30:00,0 days 00:45:00,2,4.156133077156432
110051.SH,2021-11-24 09:45:00,2021-11-24 10:00:00,0 days 00:15:00,2,4.181044398435718
110051.SH,2021-11-26 10:00:00,2021-11-26 10:15:00,0 days 00:15:00,2,4.079087994299968
110051.SH,2021-11-29 10:45:00,2021-11-29 11:15:00,0 days 00:30:00,2,1.6819221967963482
110055.SH,2021-09-28 09:45:00,2021-09-28 10:15:00,0 days 00:30:00,3,7.504043126684623
110055.SH,2021-09-28 13:45:00,2021-09-28 15:00:00,0 days 01:15:00,2,1.9556025369978913
110055.SH,2021-09-29 10:30:00,2021-09-29 10:30:00,0 days 00:00:00,2,3.8293497815471644
110055.SH,2021-09-29 11:15:00,2021-09-29 11:30:00,0 days 00:15:00,2,1.6781836130306038
110055.SH,2021-10-11 10:15:00,2021-10-11 10:30:00,0 days 00:15:00,2,1.8728567660247775
110055.SH,2021-10-18 14:45:00,2021-10-22 13:15:00,3 days 22:30:00,3,4.166666666666652
110055.SH,2021-11-24 09:45:00,2021-11-24 09:45:00,0 days 00:00:00,2,5.095410005157297
110055.SH,2021-11-24 10:00:00,2021-11-24 10:00:00,0 days 00:00:00,2,1.9037465732561598
110055.SH,2021-11-26 13:30:00,2021-11-29 10:00:00,2 days 20:30:00,2,2.197511252316664
110066.SH,2021-09-22 09:45:00,2021-09-23 09:45:00,1 days 00:00:00,2,6.7714096038946625
110066.SH,2021-09-28 09:45:00,2021-09-29 10:00:00,1 days 00:15:00,3,12.292641429179074
110066.SH,2021-10-13 11:30:00,2021-10-14 10:15:00,0 days 22:45:00,2,7.1224942305081695
110066.SH,2021-10-25 10:15:00,2021-10-26 10:00:00,0 days 23:45:00,3,7.276315789473675
110066.SH,2021-11-02 14:15:00,2021-11-05 10:15:00,2 days 20:00:00,3,7.575757575757569
110074.SH,2021-11-26 13:45:00,2021-11-29 10:00:00,2 days 20:15:00,2,7.994497095689401
111000.SH,2021-11-19 13:30:00,2021-11-22 09:45:00,2 days 20:15:00,2,6.396517079705277
111000.SH,2021-11-29 09:45:00,2021-11-29 10:00:00,0 days 00:15:00,2,4.48074837310195
113009.SH,2021-09-14 10:00:00,2021-09-14 10:15:00,0 days 00:15:00,2,4.097369216812807
113009.SH,2021-09-15 10:15:00,2021-09-15 10:30:00,0 days 00:15:00,2,1.4285714285714235
113009.SH,2021-09-16 13:15:00,2021-09-16 13:45:00,0 days 00:30:00,3,1.9755633132338968
113009.SH,2021-09-17 13:30:00,2021-09-17 13:45:00,0 days 00:15:00,3,1.7384240454914712
113009.SH,2021-09-22 09:45:00,2021-09-22 10:00:00,0 days 00:15:00,2,1.3716314345651126
113009.SH,2021-09-27 10:30:00,2021-09-27 11:00:00,0 days 00:30:00,3,1.605136436597121
113009.SH,2021-09-27 13:15:00,2021-09-27 13:30:00,0 days 00:15:00,2,2.48015060980602
113009.SH,2021-09-29 11:15:00,2021-09-30 09:45:00,0 days 22:30:00,4,2.0333813437261705
113009.SH,2021-10-08 13:30:00,2021-10-08 14:00:00,0 days 00:30:00,3,2.508417508417504
113009.SH,2021-10-12 14:15:00,2021-10-12 14:45:00,0 days 00:30:00,2,1.0543657331136824
113009.SH,2021-10-13 10:15:00,2021-10-13 10:30:00,0 days 00:15:00,2,1.8413826522371224
113009.SH,2021-10-19 09:45:00,2021-10-19 10:00:00,0 days 00:15:00,2,1.6653449643140306
113009.SH,2021-10-21 14:00:00,2021-10-22 09:45:00,0 days 19:45:00,2,1.8794607454401202
113009.SH,2021-10-25 09:45:00,2021-10-25 10:00:00,0 days 00:15:00,2,1.618919133402108
113009.SH,2021-10-26 10:30:00,2021-10-26 11:00:00,0 days 00:30:00,2,1.2157107231920206
113009.SH,2021-10-28 09:45:00,2021-10-28 10:00:00,0 days 00:15:00,2,2.521208277174347
113009.SH,2021-10-28 10:45:00,2021-10-28 11:00:00,0 days 00:15:00,2,0.9956192751891635
113009.SH,2021-10-28 14:45:00,2021-10-28 15:00:00,0 days 00:15:00,2,1.1567194152140914
113009.SH,2021-10-29 10:15:00,2021-10-29 11:00:00,0 days 00:45:00,2,0.955465587044535
113009.SH,2021-11-02 10:00:00,2021-11-02 10:00:00,0 days 00:00:00,2,1.8631545133311889
113009.SH,2021-11-02 13:45:00,2021-11-02 14:45:00,0 days 01:00:00,2,0.9465253620257297
113009.SH,2021-11-04 09:45:00,2021-11-04 09:45:00,0 days 00:00:00,2,3.1939651713345674
113009.SH,2021-11-19 11:00:00,2021-11-19 13:15:00,0 days 02:15:00,4,4.039665122327896
113009.SH,2021-11-25 10:15:00,2021-11-25 13:15:00,0 days 03:00:00,2,1.5409054805401112
113009.SH,2021-11-29 09:45:00,2021-11-29 10:00:00,0 days 00:15:00,2,1.065547303842429
113016.SH,2021-07-06 09:45:00,2021-07-07 14:00:00,1 days 04:15:00,2,10.395124631599973
113016.SH,2021-07-19 14:00:00,2021-07-20 10:00:00,0 days 20:00:00,2,7.055624227441282
113016.SH,2021-07-26 13:30:00,2021-07-27 09:45:00,0 days 20:15:00,2,7.711111111111113
113016.SH,2021-08-18 10:00:00,2021-08-19 09:45:00,0 days 23:45:00,2,5.547518526172834
113016.SH,2021-08-25 14:00:00,2021-08-26 10:00:00,0 days 20:00:00,2,2.679770015957028
113016.SH,2021-09-29 11:00:00,2021-10-18 10:15:00,18 days 23:15:00,3,15.936921857105112
113016.SH,2021-10-19 14:00:00,2021-10-20 10:00:00,0 days 20:00:00,2,5.814321540746503
113016.SH,2021-10-28 11:30:00,2021-10-29 09:45:00,0 days 22:15:00,3,4.181308887191237
113016.SH,2021-11-03 10:15:00,2021-11-03 10:30:00,0 days 00:15:00,2,2.751598150440926
113016.SH,2021-11-16 14:45:00,2021-11-22 09:45:00,5 days 19:00:00,2,10.059140212692608
113016.SH,2021-11-29 09:45:00,2021-11-29 10:00:00,0 days 00:15:00,2,1.9422412039861614
113025.SH,2021-09-22 10:30:00,2021-09-23 09:45:00,0 days 23:15:00,2,8.21164646763226
113025.SH,2021-09-29 11:30:00,2021-09-30 09:45:00,0 days 22:15:00,5,14.417667893603724
113025.SH,2021-10-08 09:45:00,2021-10-08 09:45:00,0 days 00:00:00,2,6.379231820252018
113025.SH,2021-10-08 11:15:00,2021-10-08 15:00:00,0 days 03:45:00,2,3.3344856846538207
113025.SH,2021-10-11 09:45:00,2021-10-11 09:45:00,0 days 00:00:00,2,5.153374233128827
113025.SH,2021-10-12 14:45:00,2021-10-13 10:30:00,0 days 19:45:00,3,5.901240409639352
113025.SH,2021-10-19 14:00:00,2021-10-19 14:30:00,0 days 00:30:00,2,1.797852741248973
113025.SH,2021-10-28 10:45:00,2021-10-29 09:45:00,0 days 23:00:00,4,12.82051282051282
113025.SH,2021-11-08 09:45:00,2021-11-08 10:15:00,0 days 00:30:00,3,6.845930232558151
113025.SH,2021-11-16 09:45:00,2021-11-16 10:00:00,0 days 00:15:00,2,3.316723267845245
113025.SH,2021-11-19 10:30:00,2021-11-19 10:45:00,0 days 00:15:00,2,1.3555818972067923
113025.SH,2021-11-22 10:45:00,2021-11-22 10:45:00,0 days 00:00:00,2,5.01816530426884
113025.SH,2021-11-22 13:30:00,2021-11-22 14:00:00,0 days 00:30:00,2,1.4750748733451058
113025.SH,2021-11-24 09:45:00,2021-11-24 10:00:00,0 days 00:15:00,2,1.7671809256662119
113025.SH,2021-11-26 09:45:00,2021-11-26 10:00:00,0 days 00:15:00,2,2.9138694472218285
113025.SH,2021-11-30 14:15:00,2021-11-30 14:45:00,0 days 00:30:00,2,1.985549456704394
113026.SH,2021-09-27 11:30:00,2021-09-27 14:15:00,0 days 02:45:00,2,4.0393700787401565
113026.SH,2021-09-29 09:45:00,2021-09-29 10:00:00,0 days 00:15:00,2,4.527559055118102
113026.SH,2021-09-29 11:15:00,2021-09-29 11:30:00,0 days 00:15:00,2,2.1333333333333426
113026.SH,2021-09-30 11:00:00,2021-09-30 13:15:00,0 days 02:15:00,3,3.0726256983240274
113026.SH,2021-10-08 11:30:00,2021-10-08 13:45:00,0 days 02:15:00,3,2.0145495243424794
113026.SH,2021-10-11 10:00:00,2021-10-11 11:00:00,0 days 01:00:00,3,1.8775510204081636
113026.SH,2021-10-12 10:15:00,2021-10-12 10:30:00,0 days 00:15:00,2,1.6677620768978052
113026.SH,2021-10-12 11:15:00,2021-10-12 11:30:00,0 days 00:15:00,2,0.8842244442607949
113026.SH,2021-10-13 10:15:00,2021-10-13 10:30:00,0 days 00:15:00,2,1.3628620102214661
113026.SH,2021-10-15 10:00:00,2021-10-15 10:00:00,0 days 00:00:00,2,1.7089762734362024
113026.SH,2021-10-15 10:15:00,2021-10-15 10:15:00,0 days 00:00:00,2,0.7793715280656643
113026.SH,2021-10-29 10:00:00,2021-10-29 11:00:00,0 days 01:00:00,2,1.8466252721554666
113026.SH,2021-11-08 09:45:00,2021-11-08 10:00:00,0 days 00:15:00,2,2.411679303113412
113026.SH,2021-11-10 11:00:00,2021-11-10 13:45:00,0 days 02:45:00,2,1.4433811802232688
113026.SH,2021-11-17 10:00:00,2021-11-18 13:30:00,1 days 03:30:00,2,1.4146419437340185
113026.SH,2021-11-24 09:45:00,2021-11-24 11:00:00,0 days 01:15:00,2,0.9246309246309314
113026.SH,2021-11-29 09:45:00,2021-11-29 10:00:00,0 days 00:15:00,2,1.3509267986176576
113027.SH,2021-08-25 09:45:00,2021-08-25 10:00:00,0 days 00:15:00,2,3.967567567567576
113027.SH,2021-08-27 15:00:00,2021-08-30 09:45:00,2 days 18:45:00,2,6.420978794582632
113027.SH,2021-08-31 10:15:00,2021-08-31 10:30:00,0 days 00:15:00,2,4.970008568980289
113027.SH,2021-09-02 10:30:00,2021-09-02 11:30:00,0 days 01:00:00,3,14.19249592169658
113027.SH,2021-09-06 10:30:00,2021-09-06 15:00:00,0 days 04:30:00,2,5.592397620838163
113027.SH,2021-09-22 09:45:00,2021-09-22 10:15:00,0 days 00:30:00,6,11.075110456553737
113027.SH,2021-09-27 10:30:00,2021-09-28 10:15:00,0 days 23:45:00,4,4.591836734693877
113027.SH,2021-09-29 11:15:00,2021-09-29 13:15:00,0 days 02:00:00,3,2.485380116959046
113027.SH,2021-09-29 14:30:00,2021-09-29 14:45:00,0 days 00:15:00,2,0.8052708638360162
113027.SH,2021-10-12 10:45:00,2021-10-12 11:00:00,0 days 00:15:00,2,2.921282798833813
113027.SH,2021-10-13 11:30:00,2021-10-13 13:45:00,0 days 02:15:00,2,7.163963490708514
113027.SH,2021-10-25 09:45:00,2021-10-26 10:00:00,1 days 00:15:00,3,11.739696907357855
113027.SH,2021-11-02 13:15:00,2021-11-03 13:45:00,1 days 00:30:00,3,8.821313608656943
113027.SH,2021-11-08 09:45:00,2021-11-09 09:45:00,1 days 00:00:00,2,4.870719776380161
113027.SH,2021-11-18 10:15:00,2021-11-18 13:15:00,0 days 03:00:00,2,4.708227369578655
113027.SH,2021-11-29 09:45:00,2021-11-29 10:00:00,0 days 00:15:00,2,3.702702702702698
113034.SH,2021-09-27 13:15:00,2021-09-28 09:45:00,0 days 20:30:00,2,9.611484471308707
113034.SH,2021-10-13 11:30:00,2021-10-19 11:00:00,5 days 23:30:00,5,13.058630586305853
113034.SH,2021-10-25 09:45:00,2021-10-26 10:15:00,1 days 00:30:00,2,4.0536585365853695
113034.SH,2021-10-28 14:45:00,2021-10-29 09:45:00,0 days 19:00:00,3,5.271317829457356
113034.SH,2021-10-29 10:30:00,2021-10-29 10:45:00,0 days 00:15:00,2,2.6151995397248884
113034.SH,2021-11-02 10:00:00,2021-11-02 10:15:00,0 days 00:15:00,2,2.6607055231448573
113034.SH,2021-11-03 10:15:00,2021-11-03 10:45:00,0 days 00:30:00,2,3.3890489913544597
113034.SH,2021-11-05 15:00:00,2021-11-08 09:45:00,2 days 18:45:00,2,3.989485981308416
113034.SH,2021-11-15 10:15:00,2021-11-15 10:30:00,0 days 00:15:00,2,2.086034842419804
113034.SH,2021-11-16 14:00:00,2021-11-17 10:15:00,0 days 20:15:00,2,2.262443438914019
113034.SH,2021-11-18 09:45:00,2021-11-18 09:45:00,0 days 00:00:00,2,4.112554112554112
113034.SH,2021-11-18 10:45:00,2021-11-18 13:15:00,0 days 02:30:00,2,1.6090323988218636
113034.SH,2021-11-29 09:45:00,2021-11-29 10:15:00,0 days 00:30:00,2,3.6831483350151517
113046.SH,2021-12-02 10:45:00,2021-12-02 14:45:00,0 days 04:00:00,2,2.3767178658043564
113047.SH,2021-09-06 10:30:00,2021-09-06 11:30:00,0 days 01:00:00,2,3.0691859372062424
113047.SH,2021-09-08 14:15:00,2021-09-08 15:00:00,0 days 00:45:00,2,1.8688524590164013
113047.SH,2021-09-09 11:15:00,2021-09-09 11:30:00,0 days 00:15:00,2,2.5983594479100036
113047.SH,2021-09-10 11:30:00,2021-09-10 13:45:00,0 days 02:15:00,2,1.56462585034014
113047.SH,2021-09-14 10:15:00,2021-09-14 10:30:00,0 days 00:15:00,2,3.2279897953870984
113047.SH,2021-09-22 09:45:00,2021-09-23 09:45:00,1 days 00:00:00,7,8.536585365853666
113047.SH,2021-09-29 15:00:00,2021-10-11 13:30:00,11 days 22:30:00,3,7.278656674993078
113047.SH,2021-10-14 13:15:00,2021-10-14 13:30:00,0 days 00:15:00,2,1.6367216342604074
113047.SH,2021-10-15 10:00:00,2021-10-15 10:00:00,0 days 00:00:00,2,1.259617771159105
113047.SH,2021-12-02 13:15:00,2021-12-02 13:15:00,0 days 00:00:00,2,1.7071088891598585
113048.SH,2021-09-06 10:00:00,2021-09-06 14:45:00,0 days 04:45:00,3,8.121284185493472
113048.SH,2021-09-14 10:00:00,2021-09-14 13:15:00,0 days 03:15:00,4,7.365209811978568
113048.SH,2021-09-14 14:15:00,2021-09-14 14:45:00,0 days 00:30:00,2,1.7341040462427681
113048.SH,2021-09-15 09:45:00,2021-09-15 09:45:00,0 days 00:00:00,2,3.5453474676089503
113048.SH,2021-09-15 10:00:00,2021-09-15 10:00:00,0 days 00:00:00,2,1.999064765022207
113048.SH,2021-09-17 09:45:00,2021-09-17 10:00:00,0 days 00:15:00,4,7.475490196078449
113048.SH,2021-09-17 10:15:00,2021-09-17 10:30:00,0 days 00:15:00,2,3.5187826913932296
113048.SH,2021-09-17 11:30:00,2021-09-17 13:15:00,0 days 01:45:00,2,1.7703927492447091
113048.SH,2021-09-23 10:00:00,2021-09-23 10:15:00,0 days 00:15:00,2,1.8125501892853002
113048.SH,2021-09-24 09:45:00,2021-09-24 10:00:00,0 days 00:15:00,2,2.503967554223241
113048.SH,2021-09-27 10:00:00,2021-09-27 10:00:00,0 days 00:00:00,2,1.6676317313260025
113048.SH,2021-09-27 13:15:00,2021-09-27 13:45:00,0 days 00:30:00,3,2.421277896667684
113048.SH,2021-09-29 09:45:00,2021-09-29 10:00:00,0 days 00:15:00,2,3.7371794871794872
113048.SH,2021-09-29 14:15:00,2021-09-30 09:45:00,0 days 19:30:00,4,4.331114009197612
113048.SH,2021-09-30 11:00:00,2021-09-30 11:30:00,0 days 00:30:00,2,2.3635872501350574
113048.SH,2021-10-13 10:15:00,2021-10-14 10:15:00,1 days 00:00:00,6,7.166023166023172
113048.SH,2021-10-15 10:30:00,2021-10-15 10:45:00,0 days 00:15:00,2,2.645308251892131
113048.SH,2021-10-21 09:45:00,2021-10-21 10:00:00,0 days 00:15:00,2,2.424995097718785
113048.SH,2021-10-26 13:45:00,2021-10-26 14:00:00,0 days 00:15:00,2,1.4319035894777787
113048.SH,2021-10-28 10:00:00,2021-10-28 10:00:00,0 days 00:00:00,2,4.340567612687818
113048.SH,2021-10-28 10:15:00,2021-10-28 10:15:00,0 days 00:00:00,2,3.690058827024778
113048.SH,2021-10-29 10:00:00,2021-10-29 13:15:00,0 days 03:15:00,2,2.355539197644463
113048.SH,2021-11-01 10:45:00,2021-11-01 11:30:00,0 days 00:45:00,2,2.148586148351961
113048.SH,2021-11-02 10:00:00,2021-11-02 10:45:00,0 days 00:45:00,2,2.4736713201077842
113048.SH,2021-11-03 09:45:00,2021-11-03 10:00:00,0 days 00:15:00,2,1.8310211223596884
113048.SH,2021-11-08 09:45:00,2021-11-08 10:15:00,0 days 00:30:00,2,3.516192994051548
113048.SH,2021-11-09 09:45:00,2021-11-09 09:45:00,0 days 00:00:00,3,8.426635238656456
113048.SH,2021-11-09 10:00:00,2021-11-09 10:00:00,0 days 00:00:00,2,1.854190585533888
113048.SH,2021-11-10 13:30:00,2021-11-10 14:15:00,0 days 00:45:00,4,4.0443037974683405
113048.SH,2021-11-11 13:30:00,2021-11-11 14:45:00,0 days 01:15:00,2,1.977487070276851
113048.SH,2021-11-15 11:15:00,2021-11-15 14:00:00,0 days 02:45:00,2,1.963414634146332
113048.SH,2021-11-22 09:45:00,2021-11-22 09:45:00,0 days 00:00:00,2,3.213035745022652
113048.SH,2021-11-25 10:30:00,2021-11-26 10:00:00,0 days 23:30:00,3,2.971373354269824
113051.SH,2021-09-24 09:45:00,2021-09-24 10:00:00,0 days 00:15:00,2,4.229843561973534
113051.SH,2021-09-27 13:15:00,2021-09-27 13:45:00,0 days 00:30:00,4,3.953638119768188
113051.SH,2021-09-28 10:00:00,2021-09-28 10:00:00,0 days 00:00:00,2,5.213382196477112
113051.SH,2021-09-28 10:15:00,2021-09-28 10:30:00,0 days 00:15:00,2,3.0932127773481533
113051.SH,2021-09-28 10:45:00,2021-09-28 10:45:00,0 days 00:00:00,2,2.5468077683451718
113051.SH,2021-09-28 11:00:00,2021-09-28 11:00:00,0 days 00:00:00,2,1.4346623646001477
113051.SH,2021-09-29 09:45:00,2021-09-29 10:00:00,0 days 00:15:00,2,3.21893491124261
113051.SH,2021-09-29 13:30:00,2021-09-29 13:30:00,0 days 00:00:00,2,3.067627236811532
113051.SH,2021-09-29 14:30:00,2021-09-29 15:00:00,0 days 00:30:00,2,1.9243450632456138
113051.SH,2021-09-30 14:30:00,2021-09-30 14:30:00,0 days 00:00:00,2,3.8934426229508157
113051.SH,2021-10-12 13:45:00,2021-10-12 14:45:00,0 days 01:00:00,5,7.442898398529785
113051.SH,2021-10-14 10:00:00,2021-10-14 10:15:00,0 days 00:15:00,4,4.457692568254168
113051.SH,2021-10-15 10:30:00,2021-10-15 11:00:00,0 days 00:30:00,2,2.553333333333341
113051.SH,2021-10-19 09:45:00,2021-10-19 10:00:00,0 days 00:15:00,2,2.7156448869006367
113051.SH,2021-10-22 14:30:00,2021-10-25 09:45:00,2 days 19:15:00,2,4.308681672025716
113051.SH,2021-10-25 13:45:00,2021-10-25 14:00:00,0 days 00:15:00,2,1.691016474976692
113051.SH,2021-10-26 09:45:00,2021-10-26 09:45:00,0 days 00:00:00,2,6.8376068376068355
113051.SH,2021-10-26 10:00:00,2021-10-26 10:00:00,0 days 00:00:00,2,3.9969702266503537
113051.SH,2021-10-26 10:15:00,2021-10-26 10:15:00,0 days 00:00:00,2,2.0519360074194193
113051.SH,2021-10-26 13:30:00,2021-10-26 13:45:00,0 days 00:15:00,2,0.9534394010294767
113051.SH,2021-10-27 09:45:00,2021-10-27 09:45:00,0 days 00:00:00,2,2.607184241019689
113051.SH,2021-10-27 10:00:00,2021-10-27 10:00:00,0 days 00:00:00,2,1.5889464594127878
113051.SH,2021-10-28 09:45:00,2021-10-28 10:00:00,0 days 00:15:00,2,2.9566019249610997
113051.SH,2021-10-28 10:45:00,2021-10-28 11:15:00,0 days 00:30:00,2,3.074653290056073
113051.SH,2021-11-01 10:00:00,2021-11-01 10:00:00,0 days 00:00:00,2,3.26374595707144
113051.SH,2021-11-01 10:15:00,2021-11-01 10:15:00,0 days 00:00:00,2,2.4943178506906083
113051.SH,2021-11-01 10:30:00,2021-11-01 10:45:00,0 days 00:15:00,2,1.0386104917263328
113051.SH,2021-11-02 09:45:00,2021-11-02 10:00:00,0 days 00:15:00,2,1.3273053961629921
113051.SH,2021-11-02 10:45:00,2021-11-02 10:45:00,0 days 00:00:00,2,1.3984397572955665
113051.SH,2021-11-02 11:00:00,2021-11-02 11:00:00,0 days 00:00:00,2,0.8088277774568109
113051.SH,2021-11-03 14:00:00,2021-11-04 09:45:00,0 days 19:45:00,2,4.529106979579378
113051.SH,2021-11-04 10:15:00,2021-11-04 10:15:00,0 days 00:00:00,2,1.7636174395744275
113051.SH,2021-11-04 10:30:00,2021-11-04 10:45:00,0 days 00:15:00,2,2.073893342628108
113051.SH,2021-11-04 13:15:00,2021-11-04 13:30:00,0 days 00:15:00,2,1.1516984644020622
113051.SH,2021-11-08 09:45:00,2021-11-08 10:00:00,0 days 00:15:00,2,2.7714338621072754
113051.SH,2021-11-09 09:45:00,2021-11-09 09:45:00,0 days 00:00:00,2,2.0755813953488245
113051.SH,2021-11-10 13:15:00,2021-11-12 13:30:00,2 days 00:15:00,2,2.8155339805825186
113051.SH,2021-12-01 14:00:00,2021-12-01 14:00:00,0 days 00:00:00,2,6.253284287966365
113525.SH,2021-11-22 10:00:00,2021-11-22 10:15:00,0 days 00:15:00,2,3.071262587141743
113525.SH,2021-11-23 15:00:00,2021-11-24 09:45:00,0 days 18:45:00,2,2.376889805960092
113525.SH,2021-11-25 13:15:00,2021-11-25 14:30:00,0 days 01:15:00,2,2.075221771765756
113525.SH,2021-11-29 09:45:00,2021-11-29 10:00:00,0 days 00:15:00,2,3.3279999999999976
113525.SH,2021-12-01 11:30:00,2021-12-01 13:15:00,0 days 01:45:00,2,1.7658730158730096
113527.SH,2021-08-20 13:30:00,2021-08-27 09:45:00,6 days 20:15:00,12,37.42724097788126
113527.SH,2021-08-31 14:00:00,2021-09-01 09:45:00,0 days 19:45:00,2,4.624174254597402
113527.SH,2021-09-15 09:45:00,2021-09-15 10:00:00,0 days 00:15:00,2,3.452738074230921
113527.SH,2021-09-22 10:30:00,2021-09-24 10:45:00,2 days 00:15:00,2,5.246113989637302
113527.SH,2021-09-29 15:00:00,2021-10-08 11:00:00,8 days 20:00:00,3,6.213551791169136
113527.SH,2021-10-12 14:15:00,2021-10-12 15:00:00,0 days 00:45:00,2,3.377758973274103
113527.SH,2021-10-15 10:30:00,2021-10-18 10:30:00,3 days 00:00:00,2,5.923627040885182
113527.SH,2021-11-08 09:45:00,2021-11-16 09:45:00,8 days 00:00:00,4,8.778625954198471
113527.SH,2021-11-16 10:00:00,2021-11-16 10:15:00,0 days 00:15:00,2,0.8472142446869668
113527.SH,2021-11-24 09:45:00,2021-11-24 09:45:00,0 days 00:00:00,3,13.33333333333333
113527.SH,2021-11-25 10:15:00,2021-11-25 10:30:00,0 days 00:15:00,2,5.913739439750998
113527.SH,2021-11-26 09:45:00,2021-11-26 10:30:00,0 days 00:45:00,2,5.088847844086364
113527.SH,2021-12-01 10:00:00,2021-12-02 10:00:00,1 days 00:00:00,2,3.725881570192935
113530.SH,2021-11-22 09:45:00,2021-11-23 09:45:00,1 days 00:00:00,2,2.74312007786921
113534.SH,2021-09-29 15:00:00,2021-09-30 15:00:00,1 days 00:00:00,3,18.812605103458345
113534.SH,2021-11-03 14:15:00,2021-11-11 13:45:00,7 days 23:30:00,4,27.668732782369165
113545.SH,2021-02-26 15:00:00,2021-03-01 13:15:00,2 days 22:15:00,5,8.824987605354483
113545.SH,2021-03-03 09:45:00,2021-03-03 10:00:00,0 days 00:15:00,2,4.391304347826086
113545.SH,2021-03-03 13:15:00,2021-03-03 13:15:00,0 days 00:00:00,2,3.587587404597592
113545.SH,2021-03-03 13:30:00,2021-03-03 13:30:00,0 days 00:00:00,2,1.8329476883989004
113545.SH,2021-03-04 10:00:00,2021-03-04 10:15:00,0 days 00:15:00,2,1.6510197474911115
113545.SH,2021-03-05 09:45:00,2021-03-05 10:00:00,0 days 00:15:00,3,4.029523239577082
113545.SH,2021-03-09 10:00:00,2021-03-09 11:30:00,0 days 01:30:00,5,6.578385305425027
113545.SH,2021-03-09 14:45:00,2021-03-09 15:00:00,0 days 00:15:00,2,4.00980289915529
113545.SH,2021-03-11 10:15:00,2021-03-11 10:30:00,0 days 00:15:00,2,1.7317520964620803
113545.SH,2021-03-16 13:30:00,2021-03-16 13:30:00,0 days 00:00:00,2,4.690586667891772
113545.SH,2021-03-16 13:45:00,2021-03-16 14:00:00,0 days 00:15:00,2,2.4539594843462353
113545.SH,2021-03-19 09:45:00,2021-03-19 10:00:00,0 days 00:15:00,2,4.1274264847203535
113545.SH,2021-03-19 13:45:00,2021-03-19 14:00:00,0 days 00:15:00,2,4.245474883058775
113545.SH,2021-03-22 09:45:00,2021-03-22 10:00:00,0 days 00:15:00,2,2.2479733426169934
113545.SH,2021-03-22 13:15:00,2021-03-22 14:00:00,0 days 00:45:00,2,2.3261824760920202
113545.SH,2021-03-24 14:45:00,2021-03-25 10:15:00,0 days 19:30:00,5,8.965807343308697
113545.SH,2021-03-29 09:45:00,2021-03-29 09:45:00,0 days 00:00:00,2,6.95518622127147
113545.SH,2021-03-29 10:00:00,2021-03-29 10:00:00,0 days 00:00:00,2,4.17166539426328
113545.SH,2021-03-30 10:15:00,2021-03-30 10:30:00,0 days 00:15:00,2,2.958217270194985
113545.SH,2021-04-02 13:15:00,2021-04-02 13:30:00,0 days 00:15:00,2,1.3442150744119141
113545.SH,2021-04-13 10:00:00,2021-04-13 11:00:00,0 days 01:00:00,3,3.4599202834366682
113545.SH,2021-04-15 10:15:00,2021-04-15 11:30:00,0 days 01:15:00,9,10.538413317545437
113545.SH,2021-04-15 13:45:00,2021-04-15 14:00:00,0 days 00:15:00,2,1.7624925737672381
113545.SH,2021-04-16 09:45:00,2021-04-16 10:00:00,0 days 00:15:00,3,6.929443119652112
113545.SH,2021-04-16 11:00:00,2021-04-16 11:00:00,0 days 00:00:00,6,12.619376934729631
113545.SH,2021-04-16 11:15:00,2021-04-16 11:15:00,0 days 00:00:00,4,5.541163833954621
113545.SH,2021-04-19 09:45:00,2021-04-19 10:00:00,0 days 00:15:00,5,6.437313926563015
113545.SH,2021-04-19 10:30:00,2021-04-19 10:30:00,0 days 00:00:00,2,2.2538699690402453
113545.SH,2021-04-19 13:45:00,2021-04-19 13:45:00,0 days 00:00:00,3,10.100286532951275
113545.SH,2021-04-21 10:00:00,2021-04-22 09:45:00,0 days 23:45:00,6,4.896030245746696
113545.SH,2021-04-23 11:15:00,2021-04-23 14:45:00,0 days 03:30:00,2,1.0090508806262166
113545.SH,2021-04-26 10:00:00,2021-04-26 10:00:00,0 days 00:00:00,2,2.155966027201983
113545.SH,2021-05-11 09:45:00,2021-05-11 10:15:00,0 days 00:30:00,2,2.1309399262155138
113545.SH,2021-05-12 10:30:00,2021-05-12 11:00:00,0 days 00:30:00,2,2.5183512140033892
113545.SH,2021-05-13 10:15:00,2021-05-13 10:45:00,0 days 00:30:00,2,1.9964871194379397
113545.SH,2021-05-20 10:15:00,2021-05-20 10:45:00,0 days 00:30:00,3,3.0515733745761775
113545.SH,2021-05-24 09:45:00,2021-05-24 10:00:00,0 days 00:15:00,4,5.974499089253182
113545.SH,2021-05-25 09:45:00,2021-05-25 10:00:00,0 days 00:15:00,2,2.6877517888280966
113545.SH,2021-05-25 13:15:00,2021-05-25 13:15:00,0 days 00:00:00,2,6.723163841807911
113545.SH,2021-05-26 09:45:00,2021-05-26 10:30:00,0 days 00:45:00,3,4.37636761487965
113545.SH,2021-05-26 13:45:00,2021-05-26 13:45:00,0 days 00:00:00,2,5.6120442671760085
113545.SH,2021-05-26 14:15:00,2021-05-27 09:45:00,0 days 19:30:00,2,3.8361581920903998
113545.SH,2021-05-27 11:30:00,2021-05-27 14:00:00,0 days 02:30:00,2,1.7797552836484876
113545.SH,2021-05-31 09:45:00,2021-05-31 10:00:00,0 days 00:15:00,2,1.7734806629834399
113545.SH,2021-06-02 10:00:00,2021-06-02 10:00:00,0 days 00:00:00,2,5.85706609349812
113545.SH,2021-06-02 10:15:00,2021-06-02 10:30:00,0 days 00:15:00,2,2.515350640956604
113545.SH,2021-06-02 14:45:00,2021-06-02 15:00:00,0 days 00:15:00,2,1.3247155600662364
113545.SH,2021-06-04 13:15:00,2021-06-07 10:00:00,2 days 20:45:00,2,4.201680672268915
113545.SH,2021-06-15 10:00:00,2021-06-15 10:30:00,0 days 00:30:00,2,1.3777944566557565
113545.SH,2021-06-22 10:00:00,2021-06-22 14:30:00,0 days 04:30:00,5,4.8061732895856135
113545.SH,2021-06-23 10:15:00,2021-06-23 11:15:00,0 days 01:00:00,2,1.0682740510861821
113545.SH,2021-06-24 13:45:00,2021-06-24 14:15:00,0 days 00:30:00,2,1.056317132514395
113545.SH,2021-07-02 14:00:00,2021-07-05 10:00:00,2 days 20:00:00,2,2.513497300539891
113545.SH,2021-07-06 14:15:00,2021-07-06 14:45:00,0 days 00:30:00,2,1.1665972263555702
113545.SH,2021-07-08 13:15:00,2021-07-08 14:15:00,0 days 01:00:00,3,1.745254133496621
113545.SH,2021-07-09 10:00:00,2021-07-09 10:15:00,0 days 00:15:00,2,2.053811099319547
113545.SH,2021-07-20 11:00:00,2021-07-22 14:00:00,2 days 03:00:00,3,3.219720024345696
113545.SH,2021-07-28 15:00:00,2021-07-29 09:45:00,0 days 18:45:00,6,7.091377091377082
113545.SH,2021-07-29 10:45:00,2021-07-29 11:00:00,0 days 00:15:00,2,1.0337189269012947
113545.SH,2021-07-30 09:45:00,2021-07-30 09:45:00,0 days 00:00:00,2,2.3738872403560762
113545.SH,2021-08-16 09:45:00,2021-08-16 09:45:00,0 days 00:00:00,2,5.639836701779144
113545.SH,2021-08-16 10:00:00,2021-08-16 10:15:00,0 days 00:15:00,2,1.7676767676767735
113545.SH,2021-08-17 09:45:00,2021-08-17 09:45:00,0 days 00:00:00,3,10.735500072439287
113545.SH,2021-08-17 15:00:00,2021-08-18 09:45:00,0 days 18:45:00,5,7.118357870297087
113545.SH,2021-08-18 10:30:00,2021-08-18 10:45:00,0 days 00:15:00,2,4.647302904564299
113545.SH,2021-08-18 14:00:00,2021-08-18 15:00:00,0 days 01:00:00,2,2.1821978595666813
113545.SH,2021-08-19 10:30:00,2021-08-19 13:30:00,0 days 03:00:00,2,2.646833643224311
113545.SH,2021-08-20 10:00:00,2021-08-20 10:15:00,0 days 00:15:00,2,1.6368893937829254
113545.SH,2021-08-20 14:15:00,2021-08-23 09:45:00,2 days 19:30:00,2,5.933804870147386
113545.SH,2021-08-24 11:30:00,2021-08-24 13:30:00,0 days 02:00:00,2,2.104548540393747
113545.SH,2021-09-01 11:00:00,2021-09-01 11:30:00,0 days 00:30:00,2,3.5209457722950477
113545.SH,2021-09-09 10:45:00,2021-09-09 10:45:00,0 days 00:00:00,2,6.032588795313076
113545.SH,2021-09-09 14:30:00,2021-09-09 15:00:00,0 days 00:30:00,2,3.4233231283050447
113545.SH,2021-09-13 10:15:00,2021-09-13 10:30:00,0 days 00:15:00,2,4.067566255703325
113545.SH,2021-09-15 10:45:00,2021-09-15 11:30:00,0 days 00:45:00,2,2.886824493057638
113545.SH,2021-09-16 11:30:00,2021-09-16 13:45:00,0 days 02:15:00,2,3.6462530217566513
113545.SH,2021-09-17 13:30:00,2021-09-17 14:30:00,0 days 01:00:00,2,1.9923675472071967
113545.SH,2021-09-22 10:00:00,2021-09-22 10:00:00,0 days 00:00:00,2,3.3189676524495892
113545.SH,2021-10-13 11:00:00,2021-10-19 10:30:00,5 days 23:30:00,10,11.65730337078652
113545.SH,2021-10-20 10:00:00,2021-10-20 10:15:00,0 days 00:15:00,2,4.734654538883198
113545.SH,2021-10-22 10:45:00,2021-10-22 13:45:00,0 days 03:00:00,2,3.302806499261446
113545.SH,2021-10-28 11:00:00,2021-10-29 10:00:00,0 days 23:00:00,8,5.95399188092014
113545.SH,2021-10-29 11:30:00,2021-10-29 13:30:00,0 days 02:00:00,2,0.8917448036194431
113545.SH,2021-11-01 10:00:00,2021-11-01 10:00:00,0 days 00:00:00,2,1.0774722369116807
113545.SH,2021-11-01 10:45:00,2021-11-01 10:45:00,0 days 00:00:00,2,3.1202785259147436
113545.SH,2021-11-01 13:45:00,2021-11-01 13:45:00,0 days 00:00:00,2,2.727836329820188
113545.SH,2021-11-02 10:00:00,2021-11-02 10:15:00,0 days 00:15:00,2,1.6114818078811322
113545.SH,2021-11-02 14:45:00,2021-11-03 09:45:00,0 days 19:00:00,3,3.913158242048298
113545.SH,2021-11-03 11:30:00,2021-11-03 11:30:00,0 days 00:00:00,2,2.571374550954819
113545.SH,2021-11-03 13:15:00,2021-11-03 13:30:00,0 days 00:15:00,2,1.7968602231889452
113545.SH,2021-11-05 13:30:00,2021-11-08 09:45:00,2 days 20:15:00,2,3.063016193015522
113545.SH,2021-11-10 10:00:00,2021-11-11 09:45:00,0 days 23:45:00,3,3.717105263157894
113545.SH,2021-11-17 10:00:00,2021-11-17 10:15:00,0 days 00:15:00,2,1.811450482612731
113545.SH,2021-11-17 14:00:00,2021-11-17 14:00:00,0 days 00:00:00,2,5.899838449111461
113545.SH,2021-11-17 14:15:00,2021-11-17 14:15:00,0 days 00:00:00,2,1.3107660982438318
113545.SH,2021-11-18 09:45:00,2021-11-18 09:45:00,0 days 00:00:00,2,3.618461538461526
113545.SH,2021-11-18 10:00:00,2021-11-18 10:00:00,0 days 00:00:00,4,13.021814425472456
113545.SH,2021-11-18 10:15:00,2021-11-18 10:15:00,0 days 00:00:00,2,3.8967971530249113
113545.SH,2021-11-18 10:30:00,2021-11-18 10:45:00,0 days 00:15:00,2,3.4491003646362595
113545.SH,2021-11-19 09:45:00,2021-11-19 13:45:00,0 days 04:00:00,4,4.796402697976521
113545.SH,2021-11-22 09:45:00,2021-11-22 09:45:00,0 days 00:00:00,2,3.906899418121368
113545.SH,2021-11-23 15:00:00,2021-11-24 10:15:00,0 days 19:15:00,4,3.1259671928195454
113545.SH,2021-11-25 10:00:00,2021-11-25 10:00:00,0 days 00:00:00,2,1.666865814314722
113545.SH,2021-11-25 13:45:00,2021-11-25 14:45:00,0 days 01:00:00,2,1.0162357185808713
113545.SH,2021-11-29 09:45:00,2021-11-29 10:00:00,0 days 00:15:00,2,0.8814589665653516
113545.SH,2021-11-30 11:30:00,2021-11-30 13:15:00,0 days 01:45:00,2,1.1042507717881733
113549.SH,2021-09-22 09:45:00,2021-09-22 13:15:00,0 days 03:30:00,2,3.222222222222215
113549.SH,2021-09-24 10:00:00,2021-09-24 11:00:00,0 days 01:00:00,2,5.739890386609381
113549.SH,2021-09-27 15:00:00,2021-09-28 09:45:00,0 days 18:45:00,3,4.353243516860061
113549.SH,2021-09-29 11:15:00,2021-09-29 11:30:00,0 days 00:15:00,2,1.454823889739676
113549.SH,2021-10-14 09:45:00,2021-10-15 13:15:00,1 days 03:30:00,5,5.692254375324901
113549.SH,2021-10-28 10:45:00,2021-10-28 11:30:00,0 days 00:45:00,2,2.602854743912686
113549.SH,2021-11-15 09:45:00,2021-11-15 09:45:00,0 days 00:00:00,2,6.899825921823077
113549.SH,2021-11-15 11:30:00,2021-11-16 09:45:00,0 days 22:15:00,2,3.4375486078705775
113549.SH,2021-11-24 10:45:00,2021-11-24 14:00:00,0 days 03:15:00,2,2.549597641622192
113549.SH,2021-11-25 11:00:00,2021-11-25 11:00:00,0 days 00:00:00,2,5.0455554704846195
113549.SH,2021-11-25 11:30:00,2021-11-25 11:30:00,0 days 00:00:00,2,4.330266995737042
113549.SH,2021-11-26 09:45:00,2021-11-26 10:30:00,0 days 00:45:00,2,3.198438321195285
113549.SH,2021-11-30 14:15:00,2021-11-30 14:45:00,0 days 00:30:00,2,1.5256998963116608
113550.SH,2021-12-02 10:00:00,2021-12-02 10:15:00,0 days 00:15:00,2,5.697604187638405
113568.SH,2021-11-08 09:45:00,2021-11-09 09:45:00,1 days 00:00:00,5,13.944100965714568
113568.SH,2021-11-11 09:45:00,2021-11-11 10:00:00,0 days 00:15:00,2,3.637632051026496
113568.SH,2021-11-12 13:15:00,2021-11-12 13:45:00,0 days 00:30:00,2,1.9061728395061817
113568.SH,2021-11-16 10:30:00,2021-11-16 11:15:00,0 days 00:45:00,2,2.817622950819665
113568.SH,2021-11-18 14:30:00,2021-11-19 10:00:00,0 days 19:30:00,2,4.730337610682334
113568.SH,2021-11-23 14:30:00,2021-11-24 09:45:00,0 days 19:15:00,2,3.894347786892638
113576.SH,2021-10-29 15:00:00,2021-11-01 09:45:00,2 days 18:45:00,7,41.83107555232295
113576.SH,2021-11-01 10:00:00,2021-11-01 10:15:00,0 days 00:15:00,3,7.090643274853803
113576.SH,2021-11-01 14:30:00,2021-11-01 14:30:00,0 days 00:00:00,2,8.275862068965512
113576.SH,2021-11-01 14:45:00,2021-11-01 14:45:00,0 days 00:00:00,2,6.23991393222163
113576.SH,2021-11-02 09:45:00,2021-11-02 10:00:00,0 days 00:15:00,4,13.645669291338592
113576.SH,2021-11-02 13:45:00,2021-11-02 14:15:00,0 days 00:30:00,2,4.732824427480908
113576.SH,2021-11-03 14:30:00,2021-11-03 14:45:00,0 days 00:15:00,2,2.3512402982803327
113576.SH,2021-11-04 09:45:00,2021-11-04 09:45:00,0 days 00:00:00,2,4.149253731343294
113576.SH,2021-11-04 10:15:00,2021-11-04 10:30:00,0 days 00:15:00,2,2.094397486723021
113576.SH,2021-11-08 09:45:00,2021-11-08 10:00:00,0 days 00:15:00,3,5.127819548872181
113576.SH,2021-11-09 10:15:00,2021-11-09 10:15:00,0 days 00:00:00,3,10.42408764029843
113576.SH,2021-11-10 11:00:00,2021-11-10 13:30:00,0 days 02:30:00,2,10.581323438466296
113576.SH,2021-11-11 14:00:00,2021-11-11 14:15:00,0 days 00:15:00,2,9.689119170984451
113576.SH,2021-11-15 10:00:00,2021-11-15 13:15:00,0 days 03:15:00,3,8.145695364238414
113576.SH,2021-11-26 10:00:00,2021-11-26 13:15:00,0 days 03:15:00,3,11.793440334961591
113576.SH,2021-11-29 09:45:00,2021-11-29 13:15:00,0 days 03:30:00,2,3.208191126279858
113576.SH,2021-12-02 09:45:00,2021-12-02 09:45:00,0 days 00:00:00,2,7.1341874578556785
113595.SH,2021-10-29 09:45:00,2021-10-29 10:15:00,0 days 00:30:00,7,13.015463917525793
113595.SH,2021-10-29 10:45:00,2021-10-29 11:00:00,0 days 00:15:00,3,4.327931363203041
113595.SH,2021-10-29 11:15:00,2021-10-29 11:15:00,0 days 00:00:00,2,1.1640011356108593
113595.SH,2021-10-29 14:00:00,2021-10-29 14:15:00,0 days 00:15:00,3,2.388740212112195
113595.SH,2021-10-29 15:00:00,2021-11-01 09:45:00,2 days 18:45:00,2,4.666666666666663
113595.SH,2021-11-01 10:00:00,2021-11-01 10:15:00,0 days 00:15:00,2,1.974160206718345
113595.SH,2021-11-08 10:45:00,2021-11-08 10:45:00,0 days 00:00:00,2,5.222672064777334
113595.SH,2021-11-08 11:00:00,2021-11-08 13:15:00,0 days 02:15:00,2,2.956769983686791
113595.SH,2021-11-08 13:30:00,2021-11-08 13:30:00,0 days 00:00:00,2,2.6117528879959995
113595.SH,2021-11-08 13:45:00,2021-11-08 13:45:00,0 days 00:00:00,2,1.42170604725671
113595.SH,2021-11-08 14:30:00,2021-11-08 14:30:00,0 days 00:00:00,2,2.913306451612896
113595.SH,2021-11-08 14:45:00,2021-11-08 14:45:00,0 days 00:00:00,4,8.118811881188126
113595.SH,2021-11-09 10:00:00,2021-11-09 10:15:00,0 days 00:15:00,5,8.881943744329067
113595.SH,2021-11-09 10:45:00,2021-11-09 11:00:00,0 days 00:15:00,2,4.050088045392286
113595.SH,2021-11-09 11:15:00,2021-11-09 11:15:00,0 days 00:00:00,2,4.684512428298282
113595.SH,2021-11-09 11:30:00,2021-11-09 11:30:00,0 days 00:00:00,2,3.1888720666161996
113595.SH,2021-11-09 14:00:00,2021-11-09 14:15:00,0 days 00:15:00,2,1.73371647509577
113595.SH,2021-11-09 14:45:00,2021-11-09 15:00:00,0 days 00:15:00,2,1.650419843644424
113595.SH,2021-11-10 09:45:00,2021-11-10 09:45:00,0 days 00:00:00,3,7.86655293337124
113595.SH,2021-11-10 10:00:00,2021-11-10 10:00:00,0 days 00:00:00,2,2.5418245678898277
113595.SH,2021-11-10 11:00:00,2021-11-10 11:00:00,0 days 00:00:00,2,6.300738007380069
113595.SH,2021-11-10 11:15:00,2021-11-10 11:15:00,0 days 00:00:00,2,3.7527593818984517
113595.SH,2021-11-10 14:45:00,2021-11-10 15:00:00,0 days 00:15:00,2,3.0006584516978574
113595.SH,2021-11-11 13:15:00,2021-11-11 13:15:00,0 days 00:00:00,2,10.198675496688736
113595.SH,2021-11-11 14:15:00,2021-11-11 14:30:00,0 days 00:15:00,2,4.967002431399781
113595.SH,2021-11-12 09:45:00,2021-11-12 10:00:00,0 days 00:15:00,2,2.5237970482927308
113595.SH,2021-11-19 10:15:00,2021-11-19 11:15:00,0 days 01:00:00,4,4.2659856223987935
113595.SH,2021-11-29 15:00:00,2021-11-30 09:45:00,0 days 18:45:00,2,1.5343815116499293
113595.SH,2021-11-30 11:15:00,2021-11-30 11:15:00,0 days 00:00:00,2,3.089160192378837
113595.SH,2021-11-30 11:30:00,2021-11-30 11:30:00,0 days 00:00:00,2,2.134285976000738
113595.SH,2021-11-30 14:15:00,2021-12-01 09:45:00,0 days 19:30:00,2,1.3389121338912124
113600.SH,2021-10-25 09:45:00,2021-10-25 10:00:00,0 days 00:15:00,2,4.212467200907732
113600.SH,2021-10-28 10:45:00,2021-10-29 09:45:00,0 days 23:00:00,2,4.18978102189782
113600.SH,2021-10-29 11:30:00,2021-10-29 14:45:00,0 days 03:15:00,2,3.2584269662921272
113600.SH,2021-11-02 14:15:00,2021-11-03 09:45:00,0 days 19:30:00,2,2.997694081475788
113600.SH,2021-11-08 13:15:00,2021-11-09 14:15:00,1 days 01:00:00,2,2.882733704651508
113600.SH,2021-11-19 09:45:00,2021-11-19 09:45:00,0 days 00:00:00,2,7.258470613624923
113600.SH,2021-11-19 10:00:00,2021-11-19 10:15:00,0 days 00:15:00,2,2.848981983301613
113600.SH,2021-11-30 14:15:00,2021-12-02 10:00:00,1 days 19:45:00,2,4.946419700518057
113615.SH,2021-09-29 11:30:00,2021-10-08 09:45:00,8 days 22:15:00,8,15.63699393339113
113615.SH,2021-10-08 10:15:00,2021-10-08 10:30:00,0 days 00:15:00,2,2.484687391656082
113615.SH,2021-10-12 10:00:00,2021-10-12 10:30:00,0 days 00:30:00,3,2.4946415813288825
113615.SH,2021-10-12 13:15:00,2021-10-12 13:45:00,0 days 00:30:00,2,2.1287067798695825
113615.SH,2021-10-13 10:00:00,2021-10-13 10:00:00,0 days 00:00:00,2,1.9240136385776818
113615.SH,2021-10-20 14:45:00,2021-10-21 09:45:00,0 days 19:00:00,2,3.236098450319047
113615.SH,2021-10-22 09:45:00,2021-10-22 10:00:00,0 days 00:15:00,2,2.0786516853932513
113615.SH,2021-10-25 09:45:00,2021-10-25 10:00:00,0 days 00:15:00,2,2.160050554374693
113615.SH,2021-10-27 09:45:00,2021-10-27 09:45:00,0 days 00:00:00,2,2.4290837952396505
113615.SH,2021-10-27 11:00:00,2021-10-27 11:15:00,0 days 00:15:00,2,1.6906873614190632
113615.SH,2021-10-28 15:00:00,2021-10-29 09:45:00,0 days 18:45:00,3,3.23469088778201
113615.SH,2021-11-01 10:15:00,2021-11-01 11:00:00,0 days 00:45:00,2,2.1841240018788177
113615.SH,2021-11-08 09:45:00,2021-11-08 15:00:00,0 days 05:15:00,5,6.194222251603088
113615.SH,2021-11-12 09:45:00,2021-11-12 09:45:00,0 days 00:00:00,2,3.1112170699725716
113615.SH,2021-11-15 11:15:00,2021-11-15 13:45:00,0 days 02:30:00,2,2.7231840305588007
113615.SH,2021-11-25 13:45:00,2021-11-25 13:45:00,0 days 00:00:00,2,1.6627596358283814
113615.SH,2021-11-29 09:45:00,2021-11-29 10:00:00,0 days 00:15:00,2,3.0581039755351647
113615.SH,2021-11-30 15:00:00,2021-12-01 09:45:00,0 days 18:45:00,2,2.392240204893481
113615.SH,2021-12-02 10:30:00,2021-12-02 11:00:00,0 days 00:30:00,2,1.4016143106457157
113619.SH,2021-11-29 09:45:00,2021-11-29 11:00:00,0 days 01:15:00,3,5.504938366128176
113621.SH,2021-11-18 10:30:00,2021-11-22 10:00:00,3 days 23:30:00,4,7.370622059592269
113621.SH,2021-11-23 14:00:00,2021-11-23 14:45:00,0 days 00:45:00,2,2.006937561942501
113621.SH,2021-11-25 09:45:00,2021-11-25 10:15:00,0 days 00:30:00,3,2.515024493712459
113621.SH,2021-11-25 13:45:00,2021-11-25 14:15:00,0 days 00:30:00,2,1.382488479262678
113621.SH,2021-11-29 10:00:00,2021-11-29 10:30:00,0 days 00:30:00,2,2.292519148043226
118000.SH,2021-10-29 10:00:00,2021-10-29 10:30:00,0 days 00:30:00,2,4.833180435517348
118000.SH,2021-11-02 14:30:00,2021-11-03 10:00:00,0 days 19:30:00,4,3.935947321161315
118000.SH,2021-11-03 10:15:00,2021-11-03 10:30:00,0 days 00:15:00,2,2.531519409976579
118000.SH,2021-11-05 14:15:00,2021-11-08 14:45:00,3 days 00:30:00,5,5.936473165388834
118000.SH,2021-11-09 13:15:00,2021-11-09 13:45:00,0 days 00:30:00,2,1.3259668508287303
118000.SH,2021-11-11 14:00:00,2021-11-11 14:30:00,0 days 00:30:00,2,1.510101010101006
118000.SH,2021-11-16 10:00:00,2021-11-16 10:15:00,0 days 00:15:00,2,3.3012820512820618
118000.SH,2021-11-23 15:00:00,2021-11-24 09:45:00,0 days 18:45:00,2,3.4401646574536926
118000.SH,2021-11-25 09:45:00,2021-11-25 10:00:00,0 days 00:15:00,2,1.870170776120883
118000.SH,2021-11-25 10:30:00,2021-11-25 10:45:00,0 days 00:15:00,2,0.9040265832681804
118000.SH,2021-11-25 14:30:00,2021-11-25 14:45:00,0 days 00:15:00,2,1.5159070509624062
118000.SH,2021-11-26 13:15:00,2021-11-26 13:45:00,0 days 00:30:00,2,1.4622140720007781
118002.SH,2021-11-26 11:30:00,2021-11-29 10:00:00,2 days 22:30:00,4,4.550344914878801
123011.SZ,2021-12-01 09:45:00,2021-12-01 10:30:00,0 days 00:45:00,2,7.273015369988922
123027.SZ,2021-05-20 09:45:00,2021-05-20 10:00:00,0 days 00:15:00,2,4.760367454068248
123027.SZ,2021-05-20 15:00:00,2021-05-21 09:45:00,0 days 18:45:00,4,5.917904671131113
123027.SZ,2021-05-21 10:15:00,2021-05-21 10:30:00,0 days 00:15:00,2,2.6954929577464926
123027.SZ,2021-05-21 11:30:00,2021-05-21 11:30:00,0 days 00:00:00,2,3.915144857888242
123027.SZ,2021-05-21 14:30:00,2021-05-24 09:45:00,2 days 19:15:00,3,4.829261363636372
123027.SZ,2021-05-24 14:00:00,2021-05-24 14:30:00,0 days 00:30:00,2,1.656764168190139
123027.SZ,2021-06-03 10:00:00,2021-06-03 10:45:00,0 days 00:45:00,2,4.117337461300297
123027.SZ,2021-06-08 11:00:00,2021-06-09 09:45:00,0 days 22:45:00,2,3.582664526484769
123027.SZ,2021-06-15 14:45:00,2021-06-15 15:00:00,0 days 00:15:00,2,3.296703296703307
123027.SZ,2021-06-23 09:45:00,2021-06-23 09:45:00,0 days 00:00:00,2,17.963876090744545
123027.SZ,2021-06-25 14:45:00,2021-06-28 10:30:00,2 days 19:45:00,3,6.458098761460507
123027.SZ,2021-07-01 09:45:00,2021-07-01 09:45:00,0 days 00:00:00,2,11.499395405078584
123027.SZ,2021-07-01 10:00:00,2021-07-01 10:00:00,0 days 00:00:00,2,3.7222810380840743
123027.SZ,2021-07-06 14:30:00,2021-07-07 10:00:00,0 days 19:30:00,2,8.260056039558815
123027.SZ,2021-07-20 10:45:00,2021-07-21 10:15:00,0 days 23:30:00,2,7.071997432740584
123027.SZ,2021-07-22 11:15:00,2021-07-22 13:30:00,0 days 02:15:00,2,7.660724187972678
123027.SZ,2021-07-22 13:45:00,2021-07-22 13:45:00,0 days 00:00:00,2,7.34900659662292
123027.SZ,2021-07-22 14:00:00,2021-07-22 14:00:00,0 days 00:00:00,2,5.8786982248520525
123027.SZ,2021-07-22 14:30:00,2021-07-22 14:45:00,0 days 00:15:00,3,3.671150175345139
123027.SZ,2021-07-23 10:00:00,2021-07-23 10:00:00,0 days 00:00:00,2,2.2473963091540483
123027.SZ,2021-07-23 14:45:00,2021-07-26 09:45:00,2 days 19:00:00,3,4.582130901535275
123027.SZ,2021-07-28 10:00:00,2021-07-28 10:30:00,0 days 00:30:00,2,4.917252091869662
123027.SZ,2021-08-02 09:45:00,2021-08-02 09:45:00,0 days 00:00:00,3,11.243749821423465
123027.SZ,2021-08-03 14:45:00,2021-08-04 13:15:00,0 days 22:30:00,4,6.202268344897743
123027.SZ,2021-08-09 10:00:00,2021-08-09 13:30:00,0 days 03:30:00,2,3.3863678573639477
123027.SZ,2021-08-13 10:15:00,2021-08-13 10:15:00,0 days 00:00:00,3,10.356936946380824
123027.SZ,2021-08-13 10:30:00,2021-08-13 10:30:00,0 days 00:00:00,2,5.702783578394444
123027.SZ,2021-08-17 14:15:00,2021-08-19 11:15:00,1 days 21:00:00,4,6.8046352606577765
123027.SZ,2021-08-25 09:45:00,2021-08-25 09:45:00,0 days 00:00:00,2,8.90091175550587
123027.SZ,2021-08-25 13:15:00,2021-08-25 13:15:00,0 days 00:00:00,2,7.787394957983196
123027.SZ,2021-08-26 10:15:00,2021-08-26 10:30:00,0 days 00:15:00,3,3.7695374800637893
123027.SZ,2021-08-27 11:15:00,2021-08-27 11:30:00,0 days 00:15:00,2,2.0131936572107545
123027.SZ,2021-08-30 14:00:00,2021-08-30 14:45:00,0 days 00:45:00,2,1.8584448874964465
123027.SZ,2021-09-01 10:00:00,2021-09-01 10:00:00,0 days 00:00:00,2,2.2746165506674743
123027.SZ,2021-09-01 10:45:00,2021-09-01 11:00:00,0 days 00:15:00,2,3.010811907591515
123027.SZ,2021-09-10 10:00:00,2021-09-10 14:00:00,0 days 04:00:00,2,3.941313868613139
123027.SZ,2021-09-29 15:00:00,2021-09-30 09:45:00,0 days 18:45:00,4,18.34749561055835
123027.SZ,2021-10-11 09:45:00,2021-10-11 10:00:00,0 days 00:15:00,2,4.340884797075972
123027.SZ,2021-10-28 14:45:00,2021-11-02 10:00:00,4 days 19:15:00,3,5.834343539112785
123027.SZ,2021-11-04 10:30:00,2021-11-05 10:00:00,0 days 23:30:00,2,3.615811739820196
123027.SZ,2021-11-08 11:00:00,2021-11-08 13:15:00,0 days 02:15:00,2,4.890033810980521
123027.SZ,2021-11-10 13:30:00,2021-11-11 10:00:00,0 days 20:30:00,2,2.0295570299102783
123027.SZ,2021-11-16 15:00:00,2021-11-17 09:45:00,0 days 18:45:00,2,10.242739344968022
123027.SZ,2021-11-18 13:30:00,2021-11-18 13:30:00,0 days 00:00:00,2,5.7202486479208225
123027.SZ,2021-11-18 13:45:00,2021-11-18 13:45:00,0 days 00:00:00,2,6.086368412815535
123027.SZ,2021-11-18 14:00:00,2021-11-18 14:45:00,0 days 00:45:00,3,5.508411193445939
123027.SZ,2021-11-19 14:15:00,2021-11-19 14:30:00,0 days 00:15:00,2,2.195790868206071
123027.SZ,2021-11-22 10:15:00,2021-11-22 10:30:00,0 days 00:15:00,2,1.988012613146961
123027.SZ,2021-11-22 14:30:00,2021-11-22 14:45:00,0 days 00:15:00,2,1.1775494123234864
123027.SZ,2021-11-26 09:45:00,2021-11-26 09:45:00,0 days 00:00:00,3,10.796582138919518
123027.SZ,2021-11-26 10:15:00,2021-11-26 10:15:00,0 days 00:00:00,2,6.897482201050287
123027.SZ,2021-11-29 09:45:00,2021-11-29 10:00:00,0 days 00:15:00,4,5.973633617138141
123027.SZ,2021-12-02 09:45:00,2021-12-02 14:15:00,0 days 04:30:00,3,3.374007542813362
123031.SZ,2021-08-03 14:30:00,2021-08-04 09:45:00,0 days 19:15:00,2,10.38711699710053
123031.SZ,2021-08-09 10:30:00,2021-08-10 09:45:00,0 days 23:15:00,3,8.81121495327102
123031.SZ,2021-08-10 14:15:00,2021-08-10 14:45:00,0 days 00:30:00,2,2.77043895581357
123031.SZ,2021-08-12 09:45:00,2021-08-12 09:45:00,0 days 00:00:00,2,7.905453257790396
123031.SZ,2021-08-16 10:00:00,2021-08-16 10:15:00,0 days 00:15:00,2,5.890379113018596
123031.SZ,2021-08-19 10:30:00,2021-08-19 11:30:00,0 days 01:00:00,2,3.978605126577728
123031.SZ,2021-08-24 09:45:00,2021-08-24 10:00:00,0 days 00:15:00,2,1.576624384245462
123031.SZ,2021-08-27 09:45:00,2021-08-27 11:15:00,0 days 01:30:00,2,3.0971979000887995
123031.SZ,2021-09-02 11:15:00,2021-09-03 10:15:00,0 days 23:00:00,2,5.79942040985304
123031.SZ,2021-09-10 10:45:00,2021-09-10 10:45:00,0 days 00:00:00,2,12.328378913991278
123031.SZ,2021-10-13 10:15:00,2021-10-22 10:00:00,8 days 23:45:00,7,18.721461187214604
123031.SZ,2021-11-01 10:15:00,2021-11-02 10:15:00,1 days 00:00:00,2,4.955795428892618
123031.SZ,2021-11-08 10:00:00,2021-11-08 13:45:00,0 days 03:45:00,2,3.6528455228620915
123031.SZ,2021-11-11 13:15:00,2021-11-11 13:15:00,0 days 00:00:00,2,12.205686294618356
123031.SZ,2021-11-22 09:45:00,2021-11-22 10:15:00,0 days 00:30:00,2,5.240112419046072
123034.SZ,2021-08-17 09:45:00,2021-08-17 10:00:00,0 days 00:15:00,2,4.037368547660325
123034.SZ,2021-08-17 10:15:00,2021-08-17 10:30:00,0 days 00:15:00,2,3.9888648767444357
123034.SZ,2021-08-17 10:45:00,2021-08-17 10:45:00,0 days 00:00:00,2,1.957289595878331
123034.SZ,2021-08-17 13:45:00,2021-08-17 13:45:00,0 days 00:00:00,2,4.098830812298648
123034.SZ,2021-08-17 14:15:00,2021-08-17 14:30:00,0 days 00:15:00,2,3.0830372953338125
123034.SZ,2021-08-19 10:45:00,2021-08-19 15:00:00,0 days 04:15:00,3,6.4529387587340725
123034.SZ,2021-09-02 09:45:00,2021-09-02 13:30:00,0 days 03:45:00,3,6.210939241296298
123034.SZ,2021-09-03 11:15:00,2021-09-03 14:45:00,0 days 03:30:00,2,2.203175892171494
123034.SZ,2021-09-10 09:45:00,2021-09-10 09:45:00,0 days 00:00:00,2,15.40425531914893
123034.SZ,2021-09-10 10:30:00,2021-09-10 10:30:00,0 days 00:00:00,2,3.013997866713436
123034.SZ,2021-09-10 13:15:00,2021-09-10 13:45:00,0 days 00:30:00,2,6.398608002378925
123034.SZ,2021-09-14 10:00:00,2021-09-15 13:30:00,1 days 03:30:00,2,6.990622335890873
123034.SZ,2021-09-16 13:15:00,2021-09-16 14:00:00,0 days 00:45:00,2,3.6469663614139725
123034.SZ,2021-09-17 09:45:00,2021-09-17 09:45:00,0 days 00:00:00,2,3.877296590757129
123034.SZ,2021-09-17 13:30:00,2021-09-17 13:45:00,0 days 00:15:00,2,2.707312248620841
123034.SZ,2021-09-27 13:15:00,2021-09-28 09:45:00,0 days 20:30:00,6,8.742107819329782
123034.SZ,2021-09-28 10:45:00,2021-09-28 11:30:00,0 days 00:45:00,2,1.6311160984679551
123034.SZ,2021-09-29 10:00:00,2021-09-29 10:00:00,0 days 00:00:00,2,7.878851384288765
123034.SZ,2021-09-29 14:30:00,2021-09-30 09:45:00,0 days 19:15:00,2,7.457156090782768
123034.SZ,2021-10-08 11:30:00,2021-10-11 11:30:00,3 days 00:00:00,2,4.6631688617495115
123034.SZ,2021-10-12 13:15:00,2021-10-12 14:45:00,0 days 01:30:00,2,1.7957852389367313
123034.SZ,2021-10-13 09:45:00,2021-10-13 10:00:00,0 days 00:15:00,2,2.0179372197309364
123034.SZ,2021-10-13 10:15:00,2021-10-13 10:30:00,0 days 00:15:00,2,1.1757881774570045
123034.SZ,2021-10-19 09:45:00,2021-10-19 09:45:00,0 days 00:00:00,2,3.6168787675820546
123034.SZ,2021-10-19 10:00:00,2021-10-19 10:00:00,0 days 00:00:00,2,1.2012281530467739
123034.SZ,2021-10-21 09:45:00,2021-10-21 10:00:00,0 days 00:15:00,2,1.5983787938785632
123034.SZ,2021-10-26 10:45:00,2021-10-26 10:45:00,0 days 00:00:00,2,6.926077016183263
123034.SZ,2021-10-26 11:00:00,2021-10-26 11:00:00,0 days 00:00:00,2,1.4353019475970452
123034.SZ,2021-10-28 09:45:00,2021-10-28 10:00:00,0 days 00:15:00,2,2.962976775408599
123034.SZ,2021-10-28 10:45:00,2021-10-28 11:00:00,0 days 00:15:00,2,1.2815715622076507
123034.SZ,2021-10-29 10:15:00,2021-11-01 10:15:00,3 days 00:00:00,3,3.0232323232323166
123034.SZ,2021-11-15 11:15:00,2021-11-15 11:15:00,0 days 00:00:00,2,1.992409867172662
123034.SZ,2021-11-15 11:30:00,2021-11-15 11:30:00,0 days 00:00:00,2,0.8805603738353263
123034.SZ,2021-11-16 10:45:00,2021-11-16 11:00:00,0 days 00:15:00,2,1.5945023139787295
123034.SZ,2021-11-17 10:30:00,2021-11-17 10:30:00,0 days 00:00:00,2,2.0166191832858615
123034.SZ,2021-11-17 10:45:00,2021-11-17 10:45:00,0 days 00:00:00,2,0.7808219178082387
123034.SZ,2021-11-17 11:15:00,2021-11-17 11:15:00,0 days 00:00:00,2,3.3057851239669533
123034.SZ,2021-11-17 11:30:00,2021-11-17 11:30:00,0 days 00:00:00,3,10.355990031175555
123034.SZ,2021-11-17 13:15:00,2021-11-17 13:15:00,0 days 00:00:00,2,4.439024390243906
123034.SZ,2021-11-18 09:45:00,2021-11-18 10:15:00,0 days 00:30:00,2,2.7854545454545354
123034.SZ,2021-11-19 09:45:00,2021-11-19 09:45:00,0 days 00:00:00,2,10.207311002062447
123034.SZ,2021-11-19 15:00:00,2021-11-22 09:45:00,2 days 18:45:00,2,8.017937219730943
123034.SZ,2021-11-24 10:45:00,2021-11-25 09:45:00,0 days 23:00:00,3,4.34417965169569
123034.SZ,2021-11-25 10:15:00,2021-11-25 10:15:00,0 days 00:00:00,2,4.877715595117427
123034.SZ,2021-11-25 10:30:00,2021-11-25 10:30:00,0 days 00:00:00,2,3.206917946331611
123034.SZ,2021-11-25 15:00:00,2021-11-26 09:45:00,0 days 18:45:00,2,6.116433308769342
123034.SZ,2021-11-26 10:45:00,2021-11-26 11:00:00,0 days 00:15:00,2,2.52394762281396
123034.SZ,2021-11-29 09:45:00,2021-11-29 10:15:00,0 days 00:30:00,2,2.3244256188361456
123035.SZ,2021-11-29 10:45:00,2021-11-30 11:15:00,1 days 00:30:00,2,4.106201377320584
123035.SZ,2021-12-01 11:00:00,2021-12-01 13:30:00,0 days 02:30:00,2,1.8366175626554293
123043.SZ,2021-05-12 14:30:00,2021-05-13 10:00:00,0 days 19:30:00,5,14.934043475568215
123043.SZ,2021-05-13 14:45:00,2021-05-13 15:00:00,0 days 00:15:00,3,4.035662622147429
123043.SZ,2021-05-14 10:15:00,2021-05-14 10:30:00,0 days 00:15:00,3,2.554393133490662
123043.SZ,2021-05-14 11:30:00,2021-05-14 13:15:00,0 days 01:45:00,2,3.201604694329685
123043.SZ,2021-05-14 14:15:00,2021-05-14 14:30:00,0 days 00:15:00,3,2.0662355106122465
123043.SZ,2021-05-17 11:15:00,2021-05-17 14:15:00,0 days 03:00:00,3,4.460422163588396
123043.SZ,2021-05-20 10:30:00,2021-05-20 14:00:00,0 days 03:30:00,3,3.8746492426332546
123043.SZ,2021-05-21 10:15:00,2021-05-21 10:30:00,0 days 00:15:00,2,5.27980234712786
123043.SZ,2021-05-24 09:45:00,2021-05-24 10:00:00,0 days 00:15:00,2,4.566032854740665
123043.SZ,2021-05-25 10:15:00,2021-05-25 15:00:00,0 days 04:45:00,2,2.428326066851638
123043.SZ,2021-05-28 10:15:00,2021-05-28 13:30:00,0 days 03:15:00,2,3.0750167448091004
123043.SZ,2021-06-02 13:45:00,2021-06-03 09:45:00,0 days 20:00:00,3,3.9896317674095405
123043.SZ,2021-06-07 10:00:00,2021-06-08 09:45:00,0 days 23:45:00,3,4.593415581759941
123043.SZ,2021-06-09 14:15:00,2021-06-10 10:00:00,0 days 19:45:00,3,2.304469273743015
123043.SZ,2021-06-11 09:45:00,2021-06-11 09:45:00,0 days 00:00:00,2,3.7969597535659094
123043.SZ,2021-06-15 09:45:00,2021-06-16 09:45:00,1 days 00:00:00,3,2.9584698851587543
123043.SZ,2021-06-16 14:15:00,2021-06-16 14:45:00,0 days 00:30:00,2,2.7763163219879594
123043.SZ,2021-06-18 10:00:00,2021-06-18 10:15:00,0 days 00:15:00,2,3.1823509134780936
123043.SZ,2021-07-02 09:45:00,2021-07-02 10:00:00,0 days 00:15:00,2,8.773523685918239
123043.SZ,2021-07-05 09:45:00,2021-07-05 10:15:00,0 days 00:30:00,2,4.946732084566552
123043.SZ,2021-07-06 14:15:00,2021-07-06 15:00:00,0 days 00:45:00,2,2.4786780383795337
123043.SZ,2021-07-14 09:45:00,2021-07-14 09:45:00,0 days 00:00:00,3,7.825015403573632
123043.SZ,2021-07-14 10:00:00,2021-07-14 10:00:00,0 days 00:00:00,2,4.333592377968554
123043.SZ,2021-07-14 10:45:00,2021-07-14 10:45:00,0 days 00:00:00,2,5.868874092735887
123043.SZ,2021-07-14 11:00:00,2021-07-14 11:00:00,0 days 00:00:00,2,1.6002361972246915
123043.SZ,2021-07-14 14:30:00,2021-07-14 14:30:00,0 days 00:00:00,2,2.5565371024734773
123043.SZ,2021-07-14 14:45:00,2021-07-14 14:45:00,0 days 00:00:00,2,1.918826129897
123043.SZ,2021-07-15 10:00:00,2021-07-15 10:00:00,0 days 00:00:00,2,4.792584009270007
123043.SZ,2021-07-20 11:00:00,2021-07-22 10:00:00,1 days 23:00:00,4,6.77423053403996
123043.SZ,2021-07-28 10:00:00,2021-08-02 10:30:00,5 days 00:30:00,3,4.937441140858345
123043.SZ,2021-08-17 15:00:00,2021-08-18 10:00:00,0 days 19:00:00,2,2.9759519038076165
123043.SZ,2021-08-19 10:00:00,2021-08-19 10:00:00,0 days 00:00:00,2,5.961444007858541
123043.SZ,2021-08-19 10:15:00,2021-08-19 10:30:00,0 days 00:15:00,2,4.533267589139878
123043.SZ,2021-08-20 09:45:00,2021-08-23 09:45:00,3 days 00:00:00,2,3.339875716456153
123043.SZ,2021-09-06 13:15:00,2021-09-06 13:45:00,0 days 00:30:00,2,2.7479240954541906
123043.SZ,2021-09-08 14:00:00,2021-09-09 09:45:00,0 days 19:45:00,2,5.752684795578711
123043.SZ,2021-09-09 11:30:00,2021-09-09 11:30:00,0 days 00:00:00,2,3.5389878494750393
123043.SZ,2021-09-09 13:15:00,2021-09-09 13:15:00,0 days 00:00:00,2,3.3123492381008424
123043.SZ,2021-09-09 14:00:00,2021-09-09 15:00:00,0 days 01:00:00,2,2.167651963013495
123043.SZ,2021-09-10 10:30:00,2021-09-10 10:45:00,0 days 00:15:00,2,2.442247063956904
123043.SZ,2021-09-16 13:15:00,2021-09-16 13:15:00,0 days 00:00:00,2,6.358765550997525
123043.SZ,2021-09-16 13:30:00,2021-09-16 13:30:00,0 days 00:00:00,2,3.7044587820497465
123043.SZ,2021-09-22 10:45:00,2021-09-23 10:45:00,1 days 00:00:00,5,5.851239669421493
123043.SZ,2021-09-24 13:45:00,2021-09-24 14:30:00,0 days 00:45:00,2,3.350361573674787
123043.SZ,2021-09-27 09:45:00,2021-09-27 10:00:00,0 days 00:15:00,2,3.2863849765258246
123043.SZ,2021-09-27 13:15:00,2021-09-27 13:45:00,0 days 00:30:00,2,1.505317698391062
123043.SZ,2021-09-29 10:00:00,2021-09-29 11:00:00,0 days 01:00:00,2,1.8789144050104456
123043.SZ,2021-09-29 11:15:00,2021-09-29 11:15:00,0 days 00:00:00,2,3.344335335561066
123043.SZ,2021-09-29 15:00:00,2021-09-30 09:45:00,0 days 18:45:00,3,2.5571929824561357
123043.SZ,2021-10-20 09:45:00,2021-10-20 09:45:00,0 days 00:00:00,2,6.522031166039777
123043.SZ,2021-10-22 10:45:00,2021-10-22 14:00:00,0 days 03:15:00,2,2.423349846030254
123043.SZ,2021-10-28 10:15:00,2021-10-28 10:45:00,0 days 00:30:00,2,3.165596741906529
123043.SZ,2021-11-01 09:45:00,2021-11-02 10:00:00,1 days 00:15:00,2,2.8856145953051193
123043.SZ,2021-11-10 11:15:00,2021-11-10 13:15:00,0 days 02:00:00,2,2.1648189400611306
123043.SZ,2021-11-11 09:45:00,2021-11-11 10:15:00,0 days 00:30:00,2,2.10866666666667
123043.SZ,2021-11-19 09:45:00,2021-11-19 09:45:00,0 days 00:00:00,2,5.298804780876498
123043.SZ,2021-11-26 11:30:00,2021-11-26 11:30:00,0 days 00:00:00,3,13.818181818181818
123043.SZ,2021-11-26 14:30:00,2021-11-26 15:00:00,0 days 00:30:00,3,3.6503243093303217
123043.SZ,2021-11-29 09:45:00,2021-11-29 10:00:00,0 days 00:15:00,2,2.547878787878788
123043.SZ,2021-11-30 09:45:00,2021-11-30 09:45:00,0 days 00:00:00,2,4.3072760072158545
123043.SZ,2021-11-30 10:00:00,2021-11-30 10:00:00,0 days 00:00:00,2,2.5502377892411277
123043.SZ,2021-11-30 10:30:00,2021-11-30 10:45:00,0 days 00:15:00,2,1.8102654077938318
123043.SZ,2021-11-30 11:00:00,2021-11-30 11:00:00,0 days 00:00:00,2,7.732406602953956
123043.SZ,2021-11-30 14:15:00,2021-12-01 09:45:00,0 days 19:30:00,3,5.491923641703367
123043.SZ,2021-12-01 14:00:00,2021-12-01 14:30:00,0 days 00:30:00,2,1.4752860544810398
123043.SZ,2021-12-02 10:00:00,2021-12-02 10:15:00,0 days 00:15:00,2,1.1892340526440615
123045.SZ,2021-10-29 10:15:00,2021-10-29 11:00:00,0 days 00:45:00,5,17.859624190746892
123045.SZ,2021-10-29 11:15:00,2021-10-29 11:15:00,0 days 00:00:00,2,6.25312656328163
123045.SZ,2021-11-01 09:45:00,2021-11-01 10:15:00,0 days 00:30:00,4,7.066718995290411
123045.SZ,2021-11-03 11:30:00,2021-11-04 13:15:00,1 days 01:45:00,3,3.8413430147029803
123045.SZ,2021-11-08 09:45:00,2021-11-08 10:15:00,0 days 00:30:00,2,2.948207171314743
123045.SZ,2021-11-09 14:45:00,2021-11-10 10:00:00,0 days 19:15:00,2,1.4754098360655776
123045.SZ,2021-11-17 09:45:00,2021-11-17 09:45:00,0 days 00:00:00,4,13.245546088303639
123045.SZ,2021-11-18 10:30:00,2021-11-18 10:30:00,0 days 00:00:00,2,10.66761870760442
123045.SZ,2021-11-18 14:15:00,2021-11-19 09:45:00,0 days 19:30:00,2,6.147118625184533
123045.SZ,2021-11-22 09:45:00,2021-11-22 10:15:00,0 days 00:30:00,2,1.8478072456231454
123045.SZ,2021-11-26 10:00:00,2021-11-26 10:30:00,0 days 00:30:00,3,2.682815323323884
123045.SZ,2021-11-30 14:15:00,2021-12-01 10:00:00,0 days 19:45:00,2,2.1676300578034713
123046.SZ,2021-09-27 09:45:00,2021-09-27 10:00:00,0 days 00:15:00,4,14.837394956570282
123046.SZ,2021-10-12 13:45:00,2021-10-12 14:45:00,0 days 01:00:00,2,4.201729865796366
123046.SZ,2021-10-25 10:30:00,2021-10-26 10:00:00,0 days 23:30:00,2,3.533502252252241
123046.SZ,2021-11-04 15:00:00,2021-11-05 09:45:00,0 days 18:45:00,2,3.2637885347521323
123048.SZ,2021-11-03 09:45:00,2021-11-03 10:00:00,0 days 00:15:00,3,6.711798839458405
123048.SZ,2021-11-03 10:15:00,2021-11-03 10:15:00,0 days 00:00:00,2,6.838208148452551
123048.SZ,2021-11-03 11:00:00,2021-11-03 11:15:00,0 days 00:15:00,2,3.7107596036850543
123048.SZ,2021-11-03 14:30:00,2021-11-03 14:45:00,0 days 00:15:00,3,2.716527219228615
123048.SZ,2021-11-04 13:15:00,2021-11-04 13:15:00,0 days 00:00:00,2,4.042293906810035
123048.SZ,2021-11-05 09:45:00,2021-11-05 10:30:00,0 days 00:45:00,2,3.3576642335766405
123048.SZ,2021-11-08 10:00:00,2021-11-08 14:30:00,0 days 04:30:00,2,3.04238833181405
123048.SZ,2021-11-12 11:30:00,2021-11-12 11:30:00,0 days 00:00:00,2,4.853445270741341
123048.SZ,2021-11-12 13:15:00,2021-11-12 13:15:00,0 days 00:00:00,2,1.8899432371997094
123048.SZ,2021-11-15 10:00:00,2021-11-15 10:00:00,0 days 00:00:00,2,3.1194359376112812
123048.SZ,2021-11-16 09:45:00,2021-11-16 10:15:00,0 days 00:30:00,3,3.3274205469327356
123048.SZ,2021-11-19 15:00:00,2021-11-22 09:45:00,2 days 18:45:00,2,1.4001473839351464
123048.SZ,2021-11-23 11:15:00,2021-11-23 11:15:00,0 days 00:00:00,2,5.152020898338283
123048.SZ,2021-11-24 13:15:00,2021-11-25 09:45:00,0 days 20:30:00,2,1.651990393712266
123048.SZ,2021-11-29 09:45:00,2021-11-29 10:00:00,0 days 00:15:00,2,2.4852071005917242
123048.SZ,2021-12-01 10:45:00,2021-12-02 10:00:00,0 days 23:15:00,2,4.925769203184394
123053.SZ,2021-11-11 09:45:00,2021-11-11 10:15:00,0 days 00:30:00,2,7.609573662886482
123053.SZ,2021-11-23 14:30:00,2021-11-24 10:15:00,0 days 19:45:00,3,4.39382139148492
123053.SZ,2021-11-29 09:45:00,2021-11-30 09:45:00,1 days 00:00:00,5,7.2029039542458095
123053.SZ,2021-11-30 14:15:00,2021-12-01 10:00:00,0 days 19:45:00,2,2.3969780219780246
123054.SZ,2021-06-25 09:45:00,2021-06-25 10:00:00,0 days 00:15:00,2,9.478760127640884
123054.SZ,2021-06-25 15:00:00,2021-06-28 09:45:00,2 days 18:45:00,2,4.705025491624171
123054.SZ,2021-07-02 11:15:00,2021-07-02 13:15:00,0 days 02:00:00,3,7.3291925465838625
123054.SZ,2021-07-02 13:30:00,2021-07-02 13:30:00,0 days 00:00:00,2,7.510502047679579
123054.SZ,2021-07-02 14:45:00,2021-07-05 09:45:00,2 days 19:00:00,2,3.5178807947019886
123054.SZ,2021-07-07 09:45:00,2021-07-07 13:30:00,0 days 03:45:00,2,5.527052238805963
123054.SZ,2021-07-28 10:00:00,2021-07-30 10:15:00,2 days 00:15:00,7,17.216229468006873
123054.SZ,2021-08-11 10:00:00,2021-08-12 10:00:00,1 days 00:00:00,2,4.33644426073776
123054.SZ,2021-08-17 11:30:00,2021-08-17 13:15:00,0 days 01:45:00,2,5.064247921390774
123054.SZ,2021-08-18 11:30:00,2021-08-18 13:45:00,0 days 02:15:00,2,2.8366083033871226
123054.SZ,2021-08-19 09:45:00,2021-08-19 09:45:00,0 days 00:00:00,2,7.443609022556386
123054.SZ,2021-08-20 09:45:00,2021-08-20 10:00:00,0 days 00:15:00,2,2.6537905862672018
123054.SZ,2021-09-02 09:45:00,2021-09-02 13:45:00,0 days 04:00:00,2,1.8578200535052103
123054.SZ,2021-09-03 13:30:00,2021-09-03 13:30:00,0 days 00:00:00,2,7.616149105848247
123054.SZ,2021-09-09 15:00:00,2021-09-10 11:00:00,0 days 20:00:00,2,5.491044776119414
123054.SZ,2021-09-14 09:45:00,2021-09-14 09:45:00,0 days 00:00:00,3,15.072463768115952
123054.SZ,2021-09-14 13:45:00,2021-09-14 14:00:00,0 days 00:15:00,2,2.656646338172597
123054.SZ,2021-09-16 14:00:00,2021-09-16 14:15:00,0 days 00:15:00,2,5.081714732009246
123054.SZ,2021-09-22 09:45:00,2021-09-22 14:00:00,0 days 04:15:00,2,3.5431818181818064
123054.SZ,2021-09-24 09:45:00,2021-09-24 09:45:00,0 days 00:00:00,2,14.18681249519227
123054.SZ,2021-09-24 10:45:00,2021-09-24 11:30:00,0 days 00:45:00,2,4.730875361547904
123054.SZ,2021-09-27 09:45:00,2021-09-27 09:45:00,0 days 00:00:00,3,10.002558199027867
123054.SZ,2021-09-27 10:00:00,2021-09-27 10:00:00,0 days 00:00:00,2,5.064362082147822
123054.SZ,2021-09-27 11:00:00,2021-09-27 11:30:00,0 days 00:30:00,2,3.6201595236392548
123054.SZ,2021-09-28 09:45:00,2021-09-28 10:00:00,0 days 00:15:00,3,6.170242295414874
123054.SZ,2021-09-29 15:00:00,2021-09-30 09:45:00,0 days 18:45:00,2,6.249855398829296
123054.SZ,2021-10-08 09:45:00,2021-10-08 10:00:00,0 days 00:15:00,2,2.601310176721494
123054.SZ,2021-10-12 13:45:00,2021-10-13 09:45:00,0 days 20:00:00,2,3.9908360895436035
123054.SZ,2021-10-21 14:45:00,2021-10-22 09:45:00,0 days 19:00:00,2,4.164312990035501
123054.SZ,2021-10-22 14:30:00,2021-10-22 14:45:00,0 days 00:15:00,2,1.8485802993512435
123054.SZ,2021-10-28 10:15:00,2021-10-28 10:30:00,0 days 00:15:00,2,6.152140995020217
123054.SZ,2021-11-02 13:30:00,2021-11-03 11:00:00,0 days 21:30:00,2,1.9789512957234079
123054.SZ,2021-11-15 10:45:00,2021-11-15 10:45:00,0 days 00:00:00,2,11.019169769686933
123054.SZ,2021-11-16 11:00:00,2021-11-16 13:15:00,0 days 02:15:00,3,5.602607847916152
123054.SZ,2021-11-17 09:45:00,2021-11-17 10:00:00,0 days 00:15:00,3,3.519055935076265
123054.SZ,2021-11-18 11:00:00,2021-11-19 09:45:00,0 days 22:45:00,2,3.8666666666666627
123054.SZ,2021-11-24 10:15:00,2021-11-24 11:15:00,0 days 01:00:00,2,3.0237508925770706
123054.SZ,2021-11-25 10:00:00,2021-11-25 10:30:00,0 days 00:30:00,2,4.964317341251245
123054.SZ,2021-11-26 10:00:00,2021-11-26 11:30:00,0 days 01:30:00,2,3.552278820375343
123067.SZ,2021-09-29 11:15:00,2021-09-30 14:00:00,1 days 02:45:00,6,14.948551708387804
123067.SZ,2021-10-12 09:45:00,2021-10-12 09:45:00,0 days 00:00:00,2,9.155893536121674
123067.SZ,2021-10-13 09:45:00,2021-10-13 10:45:00,0 days 01:00:00,4,7.026859504132221
123067.SZ,2021-10-15 09:45:00,2021-10-15 10:00:00,0 days 00:15:00,2,4.500898048646862
123067.SZ,2021-10-19 13:45:00,2021-10-19 13:45:00,0 days 00:00:00,2,2.4497769786660406
123067.SZ,2021-10-19 14:30:00,2021-10-19 14:45:00,0 days 00:15:00,2,1.0776829815895894
123067.SZ,2021-10-21 14:00:00,2021-10-21 15:00:00,0 days 01:00:00,2,2.793533649622204
123067.SZ,2021-11-16 15:00:00,2021-11-19 13:30:00,2 days 22:30:00,3,6.483730820958056
123067.SZ,2021-11-30 14:15:00,2021-12-01 14:15:00,1 days 00:00:00,4,7.844893452901025
123074.SZ,2021-08-03 15:00:00,2021-08-04 09:45:00,0 days 18:45:00,2,10.413471865648916
123074.SZ,2021-08-05 10:30:00,2021-08-05 14:45:00,0 days 04:15:00,2,3.193625262343658
123074.SZ,2021-08-09 10:00:00,2021-08-09 14:15:00,0 days 04:15:00,2,5.232851985559561
123074.SZ,2021-08-18 14:00:00,2021-08-20 11:00:00,1 days 21:00:00,3,5.7555621673443635
123074.SZ,2021-09-02 09:45:00,2021-09-06 11:15:00,4 days 01:30:00,2,4.94437333858424
123074.SZ,2021-09-13 10:15:00,2021-09-14 10:15:00,1 days 00:00:00,2,3.4259857789269654
123074.SZ,2021-09-29 11:15:00,2021-09-30 09:45:00,0 days 22:30:00,6,18.91900294577138
123074.SZ,2021-10-21 11:30:00,2021-10-26 11:15:00,4 days 23:45:00,5,10.35019455252919
123074.SZ,2021-10-26 11:30:00,2021-10-26 11:30:00,0 days 00:00:00,3,7.123613986331279
123074.SZ,2021-10-26 13:15:00,2021-10-26 13:15:00,0 days 00:00:00,3,7.857546636517787
123074.SZ,2021-10-27 10:00:00,2021-10-27 10:00:00,0 days 00:00:00,2,7.624822089382288
123074.SZ,2021-10-27 14:00:00,2021-10-27 15:00:00,0 days 01:00:00,4,8.542068079640352
123074.SZ,2021-10-29 09:45:00,2021-10-29 10:00:00,0 days 00:15:00,3,11.72248803827749
123074.SZ,2021-10-29 10:15:00,2021-10-29 10:15:00,0 days 00:00:00,2,8.398192720752217
123074.SZ,2021-10-29 10:30:00,2021-10-29 10:30:00,0 days 00:00:00,2,8.484693130218247
123074.SZ,2021-10-29 13:30:00,2021-10-29 13:45:00,0 days 00:15:00,2,4.63254866844125
123074.SZ,2021-11-02 10:00:00,2021-11-02 10:00:00,0 days 00:00:00,2,6.68205424120023
123074.SZ,2021-11-02 10:15:00,2021-11-02 10:30:00,0 days 00:15:00,2,3.6187712791472926
123074.SZ,2021-11-03 10:00:00,2021-11-03 10:30:00,0 days 00:30:00,2,3.8890970400899283
123074.SZ,2021-11-03 13:30:00,2021-11-03 14:15:00,0 days 00:45:00,2,3.041791063859711
123074.SZ,2021-11-05 10:30:00,2021-11-05 10:30:00,0 days 00:00:00,2,7.402543380080817
123074.SZ,2021-11-05 10:45:00,2021-11-05 10:45:00,0 days 00:00:00,2,1.9317296624850266
123074.SZ,2021-11-05 11:00:00,2021-11-05 11:00:00,0 days 00:00:00,2,7.325235855861045
123074.SZ,2021-11-08 10:00:00,2021-11-08 11:00:00,0 days 01:00:00,2,13.834711998178651
123074.SZ,2021-11-22 09:45:00,2021-11-24 10:00:00,2 days 00:15:00,3,10.127605194414691
123074.SZ,2021-11-24 10:45:00,2021-11-24 10:45:00,0 days 00:00:00,2,4.2860417144166885
123074.SZ,2021-11-25 10:00:00,2021-11-25 10:45:00,0 days 00:45:00,2,5.37313432835822
123074.SZ,2021-11-29 14:45:00,2021-12-01 09:45:00,1 days 19:00:00,4,11.076828139463135
123077.SZ,2021-11-26 14:45:00,2021-11-30 10:45:00,3 days 20:00:00,2,3.024773668327585
123081.SZ,2021-11-18 13:15:00,2021-11-18 13:45:00,0 days 00:30:00,3,4.741937552093356
123081.SZ,2021-11-19 10:30:00,2021-11-19 10:45:00,0 days 00:15:00,3,2.8472491909385056
123081.SZ,2021-11-19 11:15:00,2021-11-19 11:30:00,0 days 00:15:00,2,1.474264470226272
123081.SZ,2021-11-22 10:00:00,2021-11-22 10:00:00,0 days 00:00:00,2,2.5573322857566083
123081.SZ,2021-11-22 14:15:00,2021-11-22 14:30:00,0 days 00:15:00,2,1.5046625572941341
123081.SZ,2021-11-23 10:30:00,2021-11-23 11:00:00,0 days 00:30:00,3,1.8049023986548507
123081.SZ,2021-11-24 09:45:00,2021-11-24 10:00:00,0 days 00:15:00,2,1.5901530272787623
123081.SZ,2021-11-30 09:45:00,2021-11-30 09:45:00,0 days 00:00:00,2,3.7980707395498525
123081.SZ,2021-12-01 10:15:00,2021-12-01 10:45:00,0 days 00:30:00,2,2.260824244273274
123081.SZ,2021-12-02 09:45:00,2021-12-02 09:45:00,0 days 00:00:00,2,4.15338287005762
123081.SZ,2021-12-02 13:45:00,2021-12-02 14:00:00,0 days 00:15:00,3,1.9962889500287906
123083.SZ,2021-11-26 13:30:00,2021-11-26 14:45:00,0 days 01:15:00,2,3.503949833048292
123085.SZ,2021-11-19 10:45:00,2021-11-22 11:15:00,3 days 00:30:00,3,4.910044234037048
123085.SZ,2021-11-23 10:15:00,2021-11-23 11:15:00,0 days 01:00:00,2,4.4765547527978455
123085.SZ,2021-11-26 10:00:00,2021-11-26 10:15:00,0 days 00:15:00,2,3.625024990165149
123085.SZ,2021-11-26 11:00:00,2021-11-26 11:15:00,0 days 00:15:00,2,1.2732224991648833
123085.SZ,2021-11-29 09:45:00,2021-11-29 10:00:00,0 days 00:15:00,2,3.5846666666666804
123086.SZ,2021-11-25 14:30:00,2021-11-26 09:45:00,0 days 19:15:00,2,10.696368971434932
123086.SZ,2021-11-29 10:00:00,2021-11-30 09:45:00,0 days 23:45:00,2,6.7288284713716395
123087.SZ,2021-10-18 10:15:00,2021-11-02 09:45:00,14 days 23:30:00,6,16.46447140381282
123087.SZ,2021-11-02 14:00:00,2021-11-03 09:45:00,0 days 19:45:00,2,4.724010821243785
123087.SZ,2021-11-15 09:45:00,2021-11-15 10:15:00,0 days 00:30:00,2,5.0532701982835215
123087.SZ,2021-11-19 09:45:00,2021-11-22 10:30:00,3 days 00:45:00,2,4.462528387585163
123088.SZ,2021-11-19 09:45:00,2021-11-22 10:45:00,3 days 01:00:00,2,6.201619433198369
123089.SZ,2021-09-29 14:45:00,2021-09-30 09:45:00,0 days 19:00:00,4,9.812658227848093
123089.SZ,2021-09-30 11:00:00,2021-09-30 13:15:00,0 days 02:15:00,2,2.697058823529419
123089.SZ,2021-10-08 11:15:00,2021-10-08 15:00:00,0 days 03:45:00,3,4.4675674276544175
123089.SZ,2021-10-11 10:00:00,2021-10-11 11:15:00,0 days 01:15:00,3,3.363266422014477
123089.SZ,2021-10-12 11:30:00,2021-10-12 14:45:00,0 days 03:15:00,2,3.254670979046037
123089.SZ,2021-10-13 11:15:00,2021-10-13 14:30:00,0 days 03:15:00,2,3.2249370667064126
123089.SZ,2021-10-28 10:45:00,2021-10-28 11:00:00,0 days 00:15:00,2,2.4965122626822156
123089.SZ,2021-10-28 15:00:00,2021-10-29 09:45:00,0 days 18:45:00,2,3.5994390484599847
123089.SZ,2021-10-29 10:45:00,2021-10-29 13:45:00,0 days 03:00:00,2,2.5191856746962227
123089.SZ,2021-11-03 10:15:00,2021-11-04 09:45:00,0 days 23:30:00,3,3.7444933920704804
123089.SZ,2021-11-08 09:45:00,2021-11-08 10:00:00,0 days 00:15:00,2,2.06580927926332
123089.SZ,2021-11-09 09:45:00,2021-11-09 09:45:00,0 days 00:00:00,2,9.82994652406417
123089.SZ,2021-11-10 10:15:00,2021-11-11 10:00:00,0 days 23:45:00,2,3.1843783209351884
123089.SZ,2021-11-19 10:15:00,2021-11-19 13:15:00,0 days 03:00:00,2,2.037521881037785
123089.SZ,2021-11-26 13:30:00,2021-11-26 14:30:00,0 days 01:00:00,2,4.424304177615701
123097.SZ,2021-11-29 09:45:00,2021-11-30 10:00:00,1 days 00:15:00,3,6.21345029239766
123097.SZ,2021-12-02 10:00:00,2021-12-02 10:15:00,0 days 00:15:00,2,2.3470839260313126
123100.SZ,2021-07-20 09:45:00,2021-07-22 09:45:00,2 days 00:00:00,5,9.733028222730745
123100.SZ,2021-07-26 13:30:00,2021-07-26 14:00:00,0 days 00:30:00,2,3.9786769682359724
123100.SZ,2021-07-28 10:00:00,2021-07-28 10:30:00,0 days 00:30:00,2,3.065996882037081
123100.SZ,2021-08-13 09:45:00,2021-08-13 10:00:00,0 days 00:15:00,2,1.7297261542531972
123100.SZ,2021-08-20 13:30:00,2021-08-23 10:30:00,2 days 21:00:00,3,4.872575377163568
123100.SZ,2021-09-02 09:45:00,2021-09-07 13:15:00,5 days 03:30:00,4,5.566371329810482
123100.SZ,2021-09-22 10:30:00,2021-09-23 09:45:00,0 days 23:15:00,2,3.130007138891089
123100.SZ,2021-10-15 09:45:00,2021-10-15 10:00:00,0 days 00:15:00,2,2.8463471877756996
123100.SZ,2021-11-26 10:00:00,2021-11-29 11:15:00,3 days 01:15:00,3,5.918958031837929
123100.SZ,2021-11-30 14:15:00,2021-12-01 10:00:00,0 days 19:45:00,2,3.1417597765363237
123111.SZ,2021-09-16 13:15:00,2021-09-17 09:45:00,0 days 20:30:00,3,2.9224999999999834
123111.SZ,2021-09-23 11:15:00,2021-09-23 13:15:00,0 days 02:00:00,2,0.8885597926693745
123111.SZ,2021-09-27 13:15:00,2021-09-27 14:15:00,0 days 01:00:00,2,1.1912619833412075
123111.SZ,2021-09-27 14:45:00,2021-09-27 15:00:00,0 days 00:15:00,2,1.573271141233623
123111.SZ,2021-09-29 11:15:00,2021-09-29 13:45:00,0 days 02:30:00,3,2.2888829502939467
123111.SZ,2021-10-13 10:15:00,2021-10-13 14:00:00,0 days 03:45:00,4,4.042958206665315
123111.SZ,2021-10-25 10:45:00,2021-10-25 14:30:00,0 days 03:45:00,2,2.2772277227722793
123111.SZ,2021-10-29 09:45:00,2021-10-29 10:30:00,0 days 00:45:00,2,2.0412903975144614
123111.SZ,2021-11-08 09:45:00,2021-11-08 10:00:00,0 days 00:15:00,2,2.386545466925405
123111.SZ,2021-11-24 13:30:00,2021-11-24 13:45:00,0 days 00:15:00,2,1.1908512381072267
123114.SZ,2021-09-01 11:00:00,2021-09-02 10:45:00,0 days 23:45:00,3,5.645161290322576
123114.SZ,2021-09-03 11:15:00,2021-09-03 13:45:00,0 days 02:30:00,2,1.705630026809657
123114.SZ,2021-09-09 09:45:00,2021-09-09 10:15:00,0 days 00:30:00,2,3.220751601981142
123114.SZ,2021-09-14 15:00:00,2021-09-15 11:00:00,0 days 20:00:00,2,2.3063583815029043
123114.SZ,2021-09-15 14:45:00,2021-09-15 15:00:00,0 days 00:15:00,2,1.3007010008509345
123114.SZ,2021-09-17 13:45:00,2021-09-17 14:15:00,0 days 00:30:00,4,4.825537269961555
123114.SZ,2021-09-23 11:15:00,2021-09-23 11:15:00,0 days 00:00:00,2,2.848610153916842
123114.SZ,2021-09-23 14:15:00,2021-09-23 14:30:00,0 days 00:15:00,2,1.87254727334365
123114.SZ,2021-09-27 10:30:00,2021-09-27 14:15:00,0 days 03:45:00,4,3.942021803766105
123114.SZ,2021-09-29 14:45:00,2021-09-30 09:45:00,0 days 19:00:00,3,4.491210632617837
123114.SZ,2021-10-11 09:45:00,2021-10-11 09:45:00,0 days 00:00:00,2,5.7379778051787955
123114.SZ,2021-10-11 10:00:00,2021-10-11 10:00:00,0 days 00:00:00,2,9.874852420306945
123114.SZ,2021-10-13 10:15:00,2021-10-13 14:15:00,0 days 04:00:00,5,9.195322961388207
123114.SZ,2021-10-27 09:45:00,2021-10-27 09:45:00,0 days 00:00:00,2,8.156077539587914
123114.SZ,2021-10-27 10:00:00,2021-10-27 10:15:00,0 days 00:15:00,3,4.865714285714273
123114.SZ,2021-10-28 09:45:00,2021-10-28 10:00:00,0 days 00:15:00,2,5.263157894736836
123114.SZ,2021-10-29 09:45:00,2021-10-29 10:00:00,0 days 00:15:00,2,3.4175334323922835
123114.SZ,2021-11-02 09:45:00,2021-11-02 09:45:00,0 days 00:00:00,2,5.217391304347818
123114.SZ,2021-11-02 10:00:00,2021-11-02 10:00:00,0 days 00:00:00,2,4.5665193595905595
123114.SZ,2021-11-02 10:15:00,2021-11-02 10:15:00,0 days 00:00:00,2,3.556485355648542
123114.SZ,2021-11-02 10:30:00,2021-11-02 10:30:00,0 days 00:00:00,2,3.890364823027359
123114.SZ,2021-11-02 14:00:00,2021-11-02 14:15:00,0 days 00:15:00,2,2.306803852796868
123114.SZ,2021-11-03 09:45:00,2021-11-03 10:00:00,0 days 00:15:00,3,4.373294770913239
123114.SZ,2021-11-08 09:45:00,2021-11-08 10:00:00,0 days 00:15:00,2,3.2994054670087536
123114.SZ,2021-11-10 11:00:00,2021-11-10 11:30:00,0 days 00:30:00,2,1.4985240586505189
123114.SZ,2021-11-15 09:45:00,2021-11-15 09:45:00,0 days 00:00:00,2,5.206189131255745
123114.SZ,2021-11-15 10:00:00,2021-11-15 10:00:00,0 days 00:00:00,2,2.128118862967465
123114.SZ,2021-11-15 11:30:00,2021-11-15 13:45:00,0 days 02:15:00,2,2.101875461587799
123114.SZ,2021-11-17 10:15:00,2021-11-17 10:45:00,0 days 00:30:00,2,2.449431818181824
123114.SZ,2021-11-25 13:15:00,2021-11-26 10:45:00,0 days 21:30:00,4,5.038533054226946
123114.SZ,2021-11-30 10:15:00,2021-11-30 10:15:00,0 days 00:00:00,3,6.031453548165944
123120.SZ,2021-11-29 09:45:00,2021-11-30 09:45:00,1 days 00:00:00,2,4.3562340418655365
127011.SZ,2021-12-02 09:45:00,2021-12-02 10:00:00,0 days 00:15:00,2,5.464225576936177
127029.SZ,2021-05-10 09:45:00,2021-05-10 10:00:00,0 days 00:15:00,2,5.969230086384325
127029.SZ,2021-05-13 15:00:00,2021-05-14 10:30:00,0 days 19:30:00,5,11.261800612518712
127029.SZ,2021-05-17 10:00:00,2021-05-18 09:45:00,0 days 23:45:00,4,7.818372250631511
127029.SZ,2021-05-18 10:00:00,2021-05-18 10:15:00,0 days 00:15:00,2,2.822783295440967
127029.SZ,2021-05-20 09:45:00,2021-05-20 10:45:00,0 days 01:00:00,3,6.638655462184873
127029.SZ,2021-05-20 14:30:00,2021-05-20 15:00:00,0 days 00:30:00,2,2.7187376999837864
127029.SZ,2021-05-25 10:15:00,2021-05-26 11:15:00,1 days 01:00:00,4,5.097689657664595
127029.SZ,2021-05-27 14:30:00,2021-05-28 09:45:00,0 days 19:15:00,2,3.6131774707757636
127029.SZ,2021-05-28 10:30:00,2021-05-28 11:00:00,0 days 00:30:00,2,0.8861798147931088
127029.SZ,2021-06-01 10:45:00,2021-06-01 11:00:00,0 days 00:15:00,2,2.39520958083832
127029.SZ,2021-06-02 10:15:00,2021-06-02 13:30:00,0 days 03:15:00,2,1.7936275942706636
127029.SZ,2021-06-08 11:15:00,2021-06-08 13:45:00,0 days 02:30:00,4,4.370031444270128
127029.SZ,2021-06-18 09:45:00,2021-06-21 09:45:00,3 days 00:00:00,2,4.270594227267321
127029.SZ,2021-07-05 10:45:00,2021-07-06 10:00:00,0 days 23:15:00,2,4.872773175989997
127029.SZ,2021-07-13 10:45:00,2021-07-13 10:45:00,0 days 00:00:00,2,5.840674671599211
127029.SZ,2021-07-14 09:45:00,2021-07-14 09:45:00,0 days 00:00:00,2,5.8411764705882385
127029.SZ,2021-07-14 10:15:00,2021-07-14 10:30:00,0 days 00:15:00,3,2.8195398144801764
127029.SZ,2021-07-14 14:15:00,2021-07-14 14:30:00,0 days 00:15:00,2,1.518292682926825
127029.SZ,2021-07-14 14:45:00,2021-07-14 14:45:00,0 days 00:00:00,2,3.7044212106719376
127029.SZ,2021-07-14 15:00:00,2021-07-14 15:00:00,0 days 00:00:00,2,2.0300300300300167
127029.SZ,2021-07-15 10:00:00,2021-07-15 10:00:00,0 days 00:00:00,2,2.3090888115751884
127029.SZ,2021-07-19 11:15:00,2021-07-19 13:30:00,0 days 02:15:00,2,2.0814971325083143
127029.SZ,2021-07-20 10:15:00,2021-07-20 10:30:00,0 days 00:15:00,2,1.5710754017305373
127029.SZ,2021-07-22 10:00:00,2021-07-22 10:00:00,0 days 00:00:00,2,3.9766081871345005
127029.SZ,2021-07-23 09:45:00,2021-07-23 10:00:00,0 days 00:15:00,2,1.500411716268668
127029.SZ,2021-07-26 09:45:00,2021-07-26 10:00:00,0 days 00:15:00,2,1.79086538461537
127029.SZ,2021-07-26 13:30:00,2021-07-26 14:00:00,0 days 00:30:00,2,1.6310323762981138
127029.SZ,2021-07-27 10:45:00,2021-07-27 11:00:00,0 days 00:15:00,2,2.332089552238803
127029.SZ,2021-07-28 10:00:00,2021-07-28 10:30:00,0 days 00:30:00,3,6.775363594745909
127029.SZ,2021-08-17 10:45:00,2021-08-17 10:45:00,0 days 00:00:00,3,8.446153165173298
127029.SZ,2021-08-17 11:00:00,2021-08-17 11:00:00,0 days 00:00:00,2,1.6519877675840844
127029.SZ,2021-08-18 10:00:00,2021-08-18 14:15:00,0 days 04:15:00,2,4.421011265391672
127029.SZ,2021-08-25 10:00:00,2021-08-25 10:00:00,0 days 00:00:00,2,4.356680704326044
127029.SZ,2021-08-25 10:15:00,2021-08-25 10:15:00,0 days 00:00:00,3,6.601572574115511
127029.SZ,2021-08-31 10:15:00,2021-08-31 10:30:00,0 days 00:15:00,2,2.702381595290815
127029.SZ,2021-09-01 09:45:00,2021-09-01 10:00:00,0 days 00:15:00,2,2.7973414243313677
127029.SZ,2021-09-06 09:45:00,2021-09-06 10:00:00,0 days 00:15:00,2,3.8474409767577544
127029.SZ,2021-09-09 11:00:00,2021-09-09 11:30:00,0 days 00:30:00,2,2.468852459016402
127029.SZ,2021-09-10 11:00:00,2021-09-13 09:45:00,2 days 22:45:00,2,3.3631837561691746
127029.SZ,2021-09-14 09:45:00,2021-09-14 10:00:00,0 days 00:15:00,2,2.2599459590079363
127029.SZ,2021-09-15 10:30:00,2021-09-15 14:00:00,0 days 03:30:00,2,2.7340084397902142
127029.SZ,2021-09-22 09:45:00,2021-09-22 10:00:00,0 days 00:15:00,3,3.894993894993881
127029.SZ,2021-09-23 10:30:00,2021-09-23 10:45:00,0 days 00:15:00,2,1.996476805637104
127029.SZ,2021-09-24 13:15:00,2021-09-24 13:30:00,0 days 00:15:00,2,0.8581477139507632
127029.SZ,2021-10-13 11:15:00,2021-11-11 09:45:00,28 days 22:30:00,5,12.664237263113742
127029.SZ,2021-11-26 09:45:00,2021-11-26 10:45:00,0 days 01:00:00,2,3.8002793296089354
127030.SZ,2021-09-17 13:30:00,2021-09-17 14:45:00,0 days 01:15:00,3,7.080168776371298
127030.SZ,2021-09-24 10:00:00,2021-09-24 10:15:00,0 days 00:15:00,4,5.489241721869331
127030.SZ,2021-09-27 09:45:00,2021-09-27 10:00:00,0 days 00:15:00,2,3.7558896118465412
127030.SZ,2021-09-27 11:30:00,2021-09-27 13:30:00,0 days 02:00:00,2,3.4672234996011353
127030.SZ,2021-09-29 11:00:00,2021-09-30 09:45:00,0 days 22:45:00,5,10.367352149536702
127030.SZ,2021-10-08 11:30:00,2021-10-08 14:45:00,0 days 03:15:00,3,3.4754402224281833
127030.SZ,2021-10-11 10:00:00,2021-10-11 10:00:00,0 days 00:00:00,2,2.3145946454421473
127030.SZ,2021-10-12 14:00:00,2021-10-13 10:15:00,0 days 20:15:00,3,5.796365673470816
127030.SZ,2021-10-14 09:45:00,2021-10-14 09:45:00,0 days 00:00:00,2,5.026670053340121
127030.SZ,2021-10-14 10:00:00,2021-10-14 10:15:00,0 days 00:15:00,2,4.603045508718617
127030.SZ,2021-10-15 09:45:00,2021-10-15 10:00:00,0 days 00:15:00,2,2.062874910994661
127030.SZ,2021-10-21 10:00:00,2021-10-21 10:15:00,0 days 00:15:00,2,2.622934888241013
127030.SZ,2021-10-22 09:45:00,2021-10-22 10:00:00,0 days 00:15:00,2,2.5130797719122855
127030.SZ,2021-10-25 09:45:00,2021-10-25 10:00:00,0 days 00:15:00,2,5.263157894736836
127030.SZ,2021-10-27 10:00:00,2021-10-27 10:15:00,0 days 00:15:00,2,3.132813091900899
127030.SZ,2021-10-29 11:00:00,2021-11-01 10:00:00,2 days 23:00:00,4,4.915773433396264
127030.SZ,2021-11-03 09:45:00,2021-11-03 11:15:00,0 days 01:30:00,2,2.97941495124594
127030.SZ,2021-11-08 09:45:00,2021-11-09 09:45:00,1 days 00:00:00,3,6.611963372577012
127030.SZ,2021-11-16 15:00:00,2021-11-17 10:45:00,0 days 19:45:00,2,3.771428571428559
127030.SZ,2021-11-19 11:15:00,2021-11-19 14:00:00,0 days 02:45:00,2,2.788964961739837
127030.SZ,2021-11-24 13:30:00,2021-11-24 14:30:00,0 days 01:00:00,3,2.994173728813565
127030.SZ,2021-12-01 09:45:00,2021-12-01 09:45:00,0 days 00:00:00,2,5.048076923076916
127030.SZ,2021-12-01 10:00:00,2021-12-01 10:00:00,0 days 00:00:00,2,2.3974113135186936
127038.SZ,2021-09-09 13:45:00,2021-09-10 10:30:00,0 days 20:45:00,2,5.194408903783243
127038.SZ,2021-09-13 10:00:00,2021-09-13 10:30:00,0 days 00:30:00,2,2.608869941116243
127038.SZ,2021-09-16 11:30:00,2021-09-16 13:30:00,0 days 02:00:00,2,3.276836158192098
127038.SZ,2021-09-17 11:00:00,2021-09-17 14:00:00,0 days 03:00:00,2,2.0335919258868573
127038.SZ,2021-09-27 13:15:00,2021-09-27 13:30:00,0 days 00:15:00,2,2.9411438274824953
127038.SZ,2021-09-29 11:30:00,2021-09-29 13:15:00,0 days 01:45:00,2,2.3409854423292353
127038.SZ,2021-10-08 13:30:00,2021-10-11 10:15:00,2 days 20:45:00,3,4.964412811387908
127038.SZ,2021-10-12 10:00:00,2021-10-12 10:15:00,0 days 00:15:00,2,2.1881996100238554
127038.SZ,2021-10-13 10:30:00,2021-10-13 14:00:00,0 days 03:30:00,2,2.865682024592431
127038.SZ,2021-10-21 14:15:00,2021-10-21 14:30:00,0 days 00:15:00,2,2.7957231288688877
127038.SZ,2021-10-22 15:00:00,2021-10-25 09:45:00,2 days 18:45:00,2,2.2420088759058654
127038.SZ,2021-11-02 09:45:00,2021-11-02 09:45:00,0 days 00:00:00,2,4.194475138121545
127038.SZ,2021-11-04 10:30:00,2021-11-04 10:45:00,0 days 00:15:00,2,1.9186221097336142
127038.SZ,2021-11-08 09:45:00,2021-11-08 10:45:00,0 days 01:00:00,2,3.7088991134552884
127038.SZ,2021-11-15 13:15:00,2021-11-16 09:45:00,0 days 20:30:00,2,2.0298859193401464
127043.SZ,2021-11-16 14:45:00,2021-11-24 09:45:00,7 days 19:00:00,6,11.536112628973672
127043.SZ,2021-11-25 09:45:00,2021-11-25 10:00:00,0 days 00:15:00,2,3.214285714285725
128025.SZ,2021-11-18 13:15:00,2021-11-25 10:00:00,6 days 20:45:00,6,9.819137917297427
128025.SZ,2021-11-26 09:45:00,2021-11-29 09:45:00,3 days 00:00:00,2,6.976744186046502
128025.SZ,2021-11-29 10:45:00,2021-11-29 13:45:00,0 days 03:00:00,2,2.3521474462180114
128041.SZ,2021-07-19 09:45:00,2021-07-20 14:30:00,1 days 04:45:00,2,13.200688173715292
128041.SZ,2021-07-22 09:45:00,2021-07-22 11:15:00,0 days 01:30:00,2,3.4548895899053633
128041.SZ,2021-07-26 09:45:00,2021-07-26 10:15:00,0 days 00:30:00,2,4.135434096455848
128041.SZ,2021-07-29 09:45:00,2021-07-30 09:45:00,1 days 00:00:00,2,7.756666134440371
128041.SZ,2021-08-02 11:15:00,2021-08-03 09:45:00,0 days 22:30:00,2,5.912238992777463
128041.SZ,2021-08-09 11:15:00,2021-08-10 10:15:00,0 days 23:00:00,2,3.3723216368422904
128041.SZ,2021-08-13 10:30:00,2021-08-13 13:45:00,0 days 03:15:00,2,2.2003483802302437
128041.SZ,2021-08-19 14:30:00,2021-08-20 09:45:00,0 days 19:15:00,2,6.058981951683573
128041.SZ,2021-09-16 09:45:00,2021-09-16 11:00:00,0 days 01:15:00,2,2.9571395677773893
128041.SZ,2021-09-17 11:15:00,2021-09-22 10:30:00,4 days 23:15:00,2,4.6132008516678535
128041.SZ,2021-09-28 14:00:00,2021-09-29 09:45:00,0 days 19:45:00,2,7.28759331674369
128041.SZ,2021-09-29 11:00:00,2021-09-29 11:00:00,0 days 00:00:00,2,8.402890390016937
128041.SZ,2021-09-29 13:15:00,2021-09-29 13:30:00,0 days 00:15:00,2,2.749381476283852
128041.SZ,2021-09-30 15:00:00,2021-10-12 10:15:00,11 days 19:15:00,3,5.70422535211268
128041.SZ,2021-11-03 14:30:00,2021-11-05 13:15:00,1 days 22:45:00,2,2.888730385164062
128041.SZ,2021-11-19 10:00:00,2021-11-19 10:00:00,0 days 00:00:00,2,10.054926803407671
128044.SZ,2021-11-22 09:45:00,2021-11-22 13:15:00,0 days 03:30:00,4,3.07067854936911
128053.SZ,2021-07-06 14:15:00,2021-07-20 09:45:00,13 days 19:30:00,7,16.278331534505753
128053.SZ,2021-07-20 11:00:00,2021-07-20 11:15:00,0 days 00:15:00,2,2.7746704393411203
128053.SZ,2021-07-28 10:00:00,2021-07-28 13:15:00,0 days 03:15:00,3,6.962256075329321
128053.SZ,2021-07-28 13:30:00,2021-07-28 13:30:00,0 days 00:00:00,3,8.672108985801664
128053.SZ,2021-07-28 13:45:00,2021-07-28 13:45:00,0 days 00:00:00,3,5.835660737909754
128053.SZ,2021-07-28 14:30:00,2021-07-28 14:45:00,0 days 00:15:00,3,3.9286775631500737
128053.SZ,2021-07-29 09:45:00,2021-07-29 10:00:00,0 days 00:15:00,2,3.8432054721820874
128053.SZ,2021-07-30 09:45:00,2021-07-30 09:45:00,0 days 00:00:00,2,5.1372273047149974
128053.SZ,2021-07-30 10:00:00,2021-07-30 10:15:00,0 days 00:15:00,2,1.9414668547249603
128053.SZ,2021-07-30 10:30:00,2021-07-30 10:30:00,0 days 00:00:00,2,5.26241921109325
128053.SZ,2021-07-30 10:45:00,2021-07-30 10:45:00,0 days 00:00:00,2,4.011441328310306
128053.SZ,2021-07-30 11:15:00,2021-07-30 11:30:00,0 days 00:15:00,2,3.1455169034786845
128053.SZ,2021-07-30 13:15:00,2021-07-30 13:15:00,0 days 00:00:00,3,6.450866580020009
128053.SZ,2021-07-30 14:45:00,2021-07-30 15:00:00,0 days 00:15:00,2,4.67156558793651
128053.SZ,2021-08-02 10:45:00,2021-08-02 11:00:00,0 days 00:15:00,2,3.8903566710700055
128053.SZ,2021-08-02 14:15:00,2021-08-02 14:30:00,0 days 00:15:00,2,3.520640433392108
128053.SZ,2021-08-03 10:15:00,2021-08-03 10:15:00,0 days 00:00:00,2,6.1947134772886825
128053.SZ,2021-10-28 10:15:00,2021-11-25 10:00:00,27 days 23:45:00,7,13.652328043196405
128053.SZ,2021-11-25 10:15:00,2021-11-25 10:15:00,0 days 00:00:00,2,1.9973110247983428
128053.SZ,2021-11-25 13:45:00,2021-11-25 13:45:00,0 days 00:00:00,2,2.5792624344098902
128053.SZ,2021-11-25 14:00:00,2021-11-25 14:00:00,0 days 00:00:00,2,1.5460346936670089
128053.SZ,2021-11-29 09:45:00,2021-11-29 09:45:00,0 days 00:00:00,2,6.909090909090909
128053.SZ,2021-11-29 11:00:00,2021-11-29 13:30:00,0 days 02:30:00,3,4.421500107013432
128053.SZ,2021-11-30 09:45:00,2021-11-30 10:15:00,0 days 00:30:00,2,2.6776119402984966
128053.SZ,2021-11-30 13:45:00,2021-11-30 13:45:00,0 days 00:00:00,3,8.621310957000073
128053.SZ,2021-11-30 14:30:00,2021-11-30 14:30:00,0 days 00:00:00,3,11.292729245794897
128053.SZ,2021-12-01 14:45:00,2021-12-02 09:45:00,0 days 19:00:00,3,5.253829426080303
128053.SZ,2021-12-02 10:45:00,2021-12-02 10:45:00,0 days 00:00:00,2,3.0860144451740013
128082.SZ,2021-09-15 14:45:00,2021-09-16 09:45:00,0 days 19:00:00,2,9.044374999999993
128082.SZ,2021-09-16 15:00:00,2021-09-17 09:45:00,0 days 18:45:00,2,3.923463225478363
128082.SZ,2021-09-22 09:45:00,2021-09-22 09:45:00,0 days 00:00:00,2,11.212048192771086
128082.SZ,2021-09-27 13:15:00,2021-09-28 13:15:00,1 days 00:00:00,5,11.665512318543536
128082.SZ,2021-10-13 11:30:00,2021-10-13 14:15:00,0 days 02:45:00,2,4.6277665995975825
128082.SZ,2021-10-22 10:00:00,2021-10-22 11:30:00,0 days 01:30:00,2,3.3219376894794594
128082.SZ,2021-11-03 14:00:00,2021-11-03 14:30:00,0 days 00:30:00,2,5.432812801233844
128085.SZ,2021-10-13 11:15:00,2021-10-26 09:45:00,12 days 22:30:00,6,11.438821169572599
128085.SZ,2021-10-28 14:00:00,2021-10-29 09:45:00,0 days 19:45:00,2,4.00450788880542
128085.SZ,2021-11-01 10:15:00,2021-11-01 10:30:00,0 days 00:15:00,2,1.2332759209598754
128085.SZ,2021-11-03 10:15:00,2021-11-03 10:45:00,0 days 00:30:00,2,2.65091762533185
128085.SZ,2021-11-08 14:15:00,2021-11-09 09:45:00,0 days 19:30:00,2,2.9478226641202365
128085.SZ,2021-11-19 09:45:00,2021-11-19 10:00:00,0 days 00:15:00,2,3.7266124836021763
128085.SZ,2021-12-02 09:45:00,2021-12-02 10:00:00,0 days 00:15:00,2,1.7426791277258546
128093.SZ,2021-08-16 10:15:00,2021-08-16 11:30:00,0 days 01:15:00,2,7.024390243902445
128093.SZ,2021-08-17 15:00:00,2021-08-18 09:45:00,0 days 18:45:00,3,8.236208236208231
128093.SZ,2021-08-27 10:15:00,2021-08-27 11:15:00,0 days 01:00:00,4,10.9534940432644
128093.SZ,2021-08-30 09:45:00,2021-08-30 10:00:00,0 days 00:15:00,2,5.420368002027809
128093.SZ,2021-09-06 10:00:00,2021-09-06 15:00:00,0 days 05:00:00,2,8.815626663010079
128093.SZ,2021-09-22 09:45:00,2021-09-23 14:00:00,1 days 04:15:00,4,10.469811754263937
128093.SZ,2021-09-29 15:00:00,2021-09-30 13:45:00,0 days 22:45:00,5,9.810906373938222
128093.SZ,2021-10-11 09:45:00,2021-10-11 10:00:00,0 days 00:15:00,2,4.071444876453367
128093.SZ,2021-10-12 13:45:00,2021-10-13 10:00:00,0 days 20:15:00,2,3.8934506277490843
128093.SZ,2021-10-29 10:45:00,2021-11-01 10:45:00,3 days 00:00:00,2,5.354058721934374
128093.SZ,2021-11-03 13:30:00,2021-11-04 10:00:00,0 days 20:30:00,2,4.546696441256515
128093.SZ,2021-11-08 09:45:00,2021-11-08 10:30:00,0 days 00:45:00,2,4.929557007988383
128093.SZ,2021-11-16 14:45:00,2021-11-17 14:30:00,0 days 23:45:00,2,4.281347656917789
128094.SZ,2021-11-24 09:45:00,2021-11-24 10:00:00,0 days 00:15:00,2,4.468243713348574
128094.SZ,2021-11-24 13:30:00,2021-11-24 14:15:00,0 days 00:45:00,2,2.1808452873404383
128094.SZ,2021-11-25 10:00:00,2021-11-25 10:15:00,0 days 00:15:00,2,2.023118438638205
128095.SZ,2021-10-12 14:15:00,2021-10-14 11:15:00,1 days 21:00:00,3,12.688127648723157
128095.SZ,2021-11-10 10:00:00,2021-11-11 09:45:00,0 days 23:45:00,2,14.34977578475336
128111.SZ,2021-09-16 14:00:00,2021-09-17 10:15:00,0 days 20:15:00,2,10.81632653061224
128111.SZ,2021-09-24 10:00:00,2021-09-24 10:15:00,0 days 00:15:00,2,5.170817406994144
128111.SZ,2021-09-29 11:15:00,2021-09-30 09:45:00,0 days 22:30:00,5,10.527652736917958
128111.SZ,2021-10-12 13:45:00,2021-10-13 10:15:00,0 days 20:30:00,2,5.28172932198725
128111.SZ,2021-10-25 09:45:00,2021-10-25 10:00:00,0 days 00:15:00,2,2.9537304512401663
128111.SZ,2021-10-28 14:45:00,2021-10-29 09:45:00,0 days 19:00:00,2,3.6659919652306083
128111.SZ,2021-11-10 13:30:00,2021-11-12 10:00:00,1 days 20:30:00,2,4.714390152338432
128111.SZ,2021-12-01 11:15:00,2021-12-01 11:30:00,0 days 00:15:00,2,1.7167191692917916
128122.SZ,2021-08-19 10:30:00,2021-08-23 13:30:00,4 days 03:00:00,5,7.559514299408843
128122.SZ,2021-08-23 13:45:00,2021-08-23 13:45:00,0 days 00:00:00,2,5.004067437365189
128122.SZ,2021-08-23 14:00:00,2021-08-23 14:00:00,0 days 00:00:00,2,2.87097275573418
128122.SZ,2021-08-25 10:15:00,2021-08-25 10:30:00,0 days 00:15:00,3,5.0120300751879565
128122.SZ,2021-08-26 10:15:00,2021-08-26 10:30:00,0 days 00:15:00,2,1.6941176470588237
128122.SZ,2021-08-27 09:45:00,2021-08-27 10:00:00,0 days 00:15:00,2,1.8246567295689964
128122.SZ,2021-09-01 11:00:00,2021-09-01 11:15:00,0 days 00:15:00,6,7.141683913143471
128122.SZ,2021-09-03 09:45:00,2021-09-03 10:00:00,0 days 00:15:00,2,2.5885814448478817
128122.SZ,2021-09-06 09:45:00,2021-09-06 09:45:00,0 days 00:00:00,3,6.91823899371069
128122.SZ,2021-09-06 10:00:00,2021-09-06 10:15:00,0 days 00:15:00,3,2.5718631771910028
128122.SZ,2021-09-06 10:45:00,2021-09-06 11:00:00,0 days 00:15:00,2,1.4872937753428017
128122.SZ,2021-09-06 13:15:00,2021-09-06 13:15:00,0 days 00:00:00,2,5.155730269126102
128122.SZ,2021-09-06 13:30:00,2021-09-06 13:30:00,0 days 00:00:00,2,4.7484159522922065
128122.SZ,2021-09-17 13:15:00,2021-09-22 11:00:00,4 days 21:45:00,7,6.849315068493156
128122.SZ,2021-10-12 13:45:00,2021-10-15 10:00:00,2 days 20:15:00,2,3.961192336671715
128122.SZ,2021-10-15 10:30:00,2021-10-15 10:30:00,0 days 00:00:00,4,9.454453680259856
128122.SZ,2021-10-15 10:45:00,2021-10-15 10:45:00,0 days 00:00:00,3,3.428292516637854
128122.SZ,2021-10-18 15:00:00,2021-10-19 09:45:00,0 days 18:45:00,3,3.1421487603305875
128122.SZ,2021-10-28 15:00:00,2021-10-29 10:00:00,0 days 19:00:00,2,2.434762540593116
128122.SZ,2021-11-02 09:45:00,2021-11-02 09:45:00,0 days 00:00:00,3,5.802469135802468
128122.SZ,2021-11-02 10:00:00,2021-11-02 10:00:00,0 days 00:00:00,3,5.553050118757685
128122.SZ,2021-11-02 11:00:00,2021-11-02 11:15:00,0 days 00:15:00,4,2.610038610038612
128122.SZ,2021-11-02 13:30:00,2021-11-02 13:45:00,0 days 00:15:00,2,2.2298039215686183
128122.SZ,2021-11-03 10:00:00,2021-11-03 10:00:00,0 days 00:00:00,3,4.137420654296875
128122.SZ,2021-11-03 10:15:00,2021-11-03 10:15:00,0 days 00:00:00,2,2.356456359271153
128122.SZ,2021-11-03 11:00:00,2021-11-03 11:15:00,0 days 00:15:00,2,1.6294339622641374
128122.SZ,2021-11-03 13:30:00,2021-11-03 14:15:00,0 days 00:45:00,2,1.0334509743747278
128122.SZ,2021-11-09 09:45:00,2021-11-09 09:45:00,0 days 00:00:00,3,12.442092322453945
128122.SZ,2021-11-10 09:45:00,2021-11-11 13:15:00,1 days 03:30:00,2,4.3107833163784415
128122.SZ,2021-11-16 15:00:00,2021-11-17 11:00:00,0 days 20:00:00,3,4.306845753244493
128122.SZ,2021-11-17 14:00:00,2021-11-17 15:00:00,0 days 01:00:00,2,1.331517627477674
128122.SZ,2021-11-24 15:00:00,2021-11-25 10:15:00,0 days 19:15:00,2,2.5040626384990494
128122.SZ,2021-11-25 14:45:00,2021-11-25 15:00:00,0 days 00:15:00,2,1.1128705579082965
128122.SZ,2021-11-26 13:15:00,2021-11-26 13:15:00,0 days 00:00:00,2,3.53721173232866
128128.SZ,2021-09-27 13:15:00,2021-09-28 09:45:00,0 days 20:30:00,4,10.227882159381153
128128.SZ,2021-09-28 10:30:00,2021-09-28 10:45:00,0 days 00:15:00,2,2.2757460373682648
128128.SZ,2021-09-29 11:15:00,2021-09-29 13:15:00,0 days 02:00:00,2,2.823563811976215
128128.SZ,2021-10-11 10:00:00,2021-10-11 10:45:00,0 days 00:45:00,6,6.209424083769632
128128.SZ,2021-10-12 10:15:00,2021-10-12 10:30:00,0 days 00:15:00,2,1.7436297451898009
128128.SZ,2021-10-12 13:45:00,2021-10-12 14:00:00,0 days 00:15:00,2,1.2331558255706865
128128.SZ,2021-10-13 10:30:00,2021-10-13 10:45:00,0 days 00:15:00,2,1.6387978142076376
128128.SZ,2021-10-15 10:00:00,2021-10-15 10:00:00,0 days 00:00:00,2,3.498772222251434
128128.SZ,2021-10-15 10:30:00,2021-10-15 11:00:00,0 days 00:30:00,2,1.8369855692143222
128128.SZ,2021-10-20 09:45:00,2021-10-20 10:00:00,0 days 00:15:00,3,1.929688864492629
128128.SZ,2021-10-21 09:45:00,2021-10-21 09:45:00,0 days 00:00:00,2,5.336126072212233
128128.SZ,2021-11-01 09:45:00,2021-11-01 10:30:00,0 days 00:45:00,6,5.701640197865143
128128.SZ,2021-11-08 09:45:00,2021-11-11 14:00:00,3 days 04:15:00,5,6.6940858601020725
128128.SZ,2021-11-16 14:15:00,2021-11-18 09:45:00,1 days 19:30:00,2,4.050991008747773
128128.SZ,2021-11-19 10:15:00,2021-11-19 13:15:00,0 days 03:00:00,4,9.921897599074336
128128.SZ,2021-11-22 09:45:00,2021-11-22 09:45:00,0 days 00:00:00,2,6.788183532369585
128128.SZ,2021-12-02 10:00:00,2021-12-02 10:00:00,0 days 00:00:00,2,3.053794757580963
